,mac_address,lat,lon
1,0001f45ba4df,41.1744111,-8.6001317
2,0001f45ba4df,41.1745918,-8.6000116
3,00025b010202,41.1571282,-8.6238264
4,00025b010202,41.1571039,-8.6238412
5,00025b010202,41.1571536,-8.624184
6,0004e2fdd9b4,41.1475379,-8.6007014
7,0004e2fdd9b4,41.1474929,-8.6008718
8,0004e2fdd9b4,41.1475136,-8.6009254
9,0004e2fdd9b4,41.147615,-8.6004965
10,0004e2fdd9b4,41.1475675,-8.6005696
11,0004e2fdd9b4,41.1476697,-8.6007786
12,0005ca5ec239,41.164203,-8.6051728
13,0005ca5ec239,41.1642454,-8.6054367
14,0005ca5ec239,41.1642486,-8.60544
15,0005ca5ec239,41.1642457,-8.6054339
16,0005ca5ec239,41.1641916,-8.6054713
17,0005ca5ec239,41.1642135,-8.6054866
18,0005ca5ec239,41.1642413,-8.6054781
19,0005ca5ec239,41.1642439,-8.6054945
20,0005ca5ec239,41.1642735,-8.6053302
21,0005ca5ec239,41.1642918,-8.6052919
22,0005ca5ec239,41.1642923,-8.605292
23,0005ca5ec239,41.1642876,-8.605292
24,0005ca5ec239,41.1642532,-8.6054018
25,0005ca5ec239,41.1643686,-8.6053071
26,0005ca5ec239,41.1643676,-8.6053414
27,0005ca5ec239,41.1644444,-8.605331
28,0005ca5ec239,41.1643856,-8.6053368
29,0005ca5ec239,41.1643537,-8.6054414
30,0005ca5ec239,41.1643602,-8.6053591
31,0005ca5ec239,41.1644999,-8.6053366
32,0005ca5ec239,41.1644744,-8.6053451
33,0005ca5ec239,41.1644603,-8.6053052
34,0005ca5ec239,41.1645333,-8.6053066
35,0005ca5ec239,41.1645283,-8.6053366
36,0005ca5ec239,41.1645233,-8.6052799
37,0005ca5ec239,41.1644666,-8.60533
38,0005ca5ec239,41.164525,-8.6054833
39,0005ca5ec239,41.1645566,-8.6050916
40,0005ca5ec239,41.1645933,-8.605285
41,0005ca5ec239,41.1645583,-8.605345
42,0005ca5ec239,41.1645629,-8.6053462
43,0005ca5ec239,41.164565,-8.6053976
44,0005ca5ec239,41.1647383,-8.6053166
45,0005ca5ec239,41.1646916,-8.6053699
46,0005ca5ec239,41.164675,-8.605375
47,0005ca5ec239,41.164675,-8.605375
48,0005ca5ec239,41.1647933,-8.6052366
49,0005ca5ec239,41.16481,-8.6053699
50,0005ca5ec239,41.16481,-8.6053699
51,0005ca5ec239,41.1647516,-8.6054187
52,0005ca5f6169,41.1627434,-8.6247596
53,0005ca5f6169,41.162712,-8.6247634
54,0005ca5f6169,41.1627494,-8.6247562
55,0005ca5f6169,41.1627724,-8.6247469
56,0005ca5f6169,41.1628295,-8.6247802
57,0005ca5f6169,41.1627667,-8.6247533
58,0005ca5f6169,41.1628158,-8.624767
59,0005ca5f6169,41.1628716,-8.6247785
60,0005ca5f6169,41.1629165,-8.6247917
61,0005ca5f6169,41.162857,-8.6247781
62,0005ca5f6169,41.1629076,-8.6247901
63,0005ca5f6169,41.1631153,-8.6248841
64,0005ca5f6169,41.1630698,-8.6248665
65,0005ca5f6229,41.1629961,-8.5860555
66,0005ca5f6229,41.1630427,-8.58607
67,0005ca5f6229,41.1630098,-8.5861169
68,0005ca5f6229,41.1630098,-8.5861276
69,0005ca5f6229,41.1630399,-8.5860625
70,0005ca5f6229,41.1630466,-8.5862827
71,0005ca5f6229,41.1631301,-8.5861012
72,0005ca5f6229,41.1630511,-8.5862185
73,0005ca5f6229,41.1631509,-8.5859336
74,0005ca5f6229,41.1633167,-8.5859987
75,0005ca5f6229,41.1633219,-8.5860536
76,0005ca5f6229,41.1633207,-8.5862711
77,0005ca5f6229,41.1633187,-8.5864357
78,0005ca5f6229,41.1633566,-8.5862483
79,0005ca5f6229,41.1633612,-8.586314
80,0005ca5f6229,41.1633522,-8.5863208
81,0005ca5f6229,41.1633733,-8.5863433
82,0005ca5f6229,41.1633843,-8.5863771
83,0005ca5f6229,41.1634116,-8.5864766
84,0005ca5f7939,41.1655883,-8.6459116
85,0005ca5f7939,41.1655916,-8.6458933
86,0005ca5f7939,41.1655867,-8.6459399
87,0005ca5f7939,41.1655933,-8.6459183
88,0005ca5f7939,41.1655833,-8.6458716
89,0005ca5f7939,41.1655658,-8.6461338
90,0005ca5f7939,41.1655704,-8.6461222
91,0005ca5f7939,41.165599,-8.6463108
92,0005ca5f7939,41.1656087,-8.6463243
93,0005ca5f7e39,41.1645997,-8.6401995
94,0005ca5f7e39,41.1645861,-8.6402463
95,0005ca5f7e39,41.1645812,-8.6401737
96,0005ca5f7e39,41.1646142,-8.6403728
97,0005ca5f7e39,41.164641,-8.6404289
98,0005ca5f7e39,41.1646349,-8.6405383
99,0005ca5f7e39,41.1646251,-8.6404659
100,0005ca5f7e39,41.1645916,-8.6405083
101,0005ca5f7e39,41.16462,-8.6408383
102,0005ca5f7e39,41.1647125,-8.6403122
103,0005ca5f7e39,41.1647143,-8.6404308
104,0005ca5f7e39,41.1646933,-8.6404816
105,0005ca5f7e39,41.1646766,-8.6406033
106,0005ca5f7e39,41.1646695,-8.6406708
107,0005ca5f7e39,41.1646763,-8.6407352
108,0005ca5f7e39,41.1646751,-8.6406891
109,0005ca5f7e39,41.1646599,-8.6407816
110,0005ca5f7e39,41.1646779,-8.6409668
111,0005ca5f7e39,41.1647766,-8.6403866
112,0005ca5f7e39,41.164783,-8.6405776
113,0005ca5f7e39,41.1648176,-8.6406077
114,0005ca5f7fa9,41.1532011,-8.6002502
115,0005ca5f7fa9,41.1532343,-8.600559
116,0005ca5f7fa9,41.1532535,-8.6007386
117,0005ca5f7fa9,41.1533369,-8.6007827
118,0005ca5f8069,41.1703664,-8.6036388
119,0005ca5f8069,41.170406,-8.6036774
120,0005ca5f8b99,41.1531839,-8.5999451
121,0005ca5f8b99,41.1532011,-8.6002502
122,0005ca5f8b99,41.1532894,-8.5997178
123,0005ca5f8b99,41.1535112,-8.5996762
124,0005ca62f209,41.1617199,-8.64374
125,0005ca62f209,41.1617633,-8.6437166
126,0005ca62f209,41.1617933,-8.6437216
127,0005ca62f209,41.1618316,-8.6438033
128,0005ca62f219,41.1580052,-8.6017014
129,0005ca62f219,41.1579793,-8.6017154
130,0005ca62f219,41.1580587,-8.6016154
131,0005ca62f219,41.1580798,-8.6016109
132,0005ca62f429,41.1645706,-8.6015297
133,0005ca62f779,41.1739683,-8.583105
134,0005ca62f779,41.1740331,-8.5830728
135,0005ca62fb39,41.1569625,-8.599043
136,0005ca62fb39,41.157276,-8.5989682
137,0005ca630e19,41.15459198,-8.63058195
138,0005ca630e19,41.1546332,-8.6308367
139,0005ca630e19,41.1545683,-8.6309356
140,0005ca6319a9,41.1654283,-8.644585
141,0005ca6319a9,41.1654045,-8.6445637
142,0005ca6319a9,41.1654533,-8.6448183
143,0005ca6319a9,41.1655733,-8.6447783
144,0005ca6319a9,41.16564,-8.6448839
145,0005ca6319a9,41.1657337,-8.6446397
146,0005ca6319a9,41.165725,-8.64464
147,0005ca6319a9,41.1657516,-8.6443099
148,0005ca6319a9,41.1658325,-8.6444887
149,0005ca6319a9,41.1659316,-8.6445333
150,0005ca633529,41.1640052,-8.6315731
151,0005ca633529,41.163972,-8.6316575
152,0005ca633529,41.1639794,-8.6319168
153,0005ca633529,41.1640087,-8.6320456
154,0005ca633529,41.1639729,-8.6320027
155,0005ca633529,41.1641191,-8.6316161
156,0005ca633529,41.1641484,-8.6317449
157,0005ca634109,41.1589895,-8.5978546
158,0005ca634109,41.1591439,-8.5978117
159,0005ca634109,41.1592433,-8.597865
160,0005ca634109,41.1592772,-8.5974661
161,0005ca634109,41.1593453,-8.5977584
162,0005ca634109,41.1593665,-8.5978473
163,0005ca634109,41.1593633,-8.597888
164,0005ca634109,41.1593766,-8.5981132
165,0005ca6344b9,41.1530234,-8.6482001
166,0005ca6344b9,41.1529815,-8.6482535
167,0005ca6344b9,41.1531045,-8.6481457
168,0005ca6344b9,41.1531222,-8.6481383
169,0005ca6344b9,41.1530879,-8.648152
170,0005ca6344b9,41.1531576,-8.6481271
171,0005ca6344b9,41.1532159,-8.6481337
172,0005ca6345c9,41.1616946,-8.6132757
173,0005ca6345c9,41.1616946,-8.6132757
174,0005ca6345c9,41.161885,-8.613273
175,0005ca6345c9,41.161855,-8.613264
176,0005ca6345c9,41.1619847,-8.6133301
177,0005ca6345c9,41.162049,-8.6132847
178,0005ca6345c9,41.1619967,-8.6133419
179,0005ca6345c9,41.1620234,-8.6132835
180,0005ca6345c9,41.1620131,-8.6132964
181,0005ca6345c9,41.1619593,-8.6132941
182,0005ca6345c9,41.1619843,-8.6133787
183,0005ca6345c9,41.1619567,-8.61338
184,0005ca6345c9,41.1620879,-8.6132439
185,0005ca6345c9,41.1620623,-8.6132272
186,0005ca6345c9,41.1620902,-8.6132365
187,0005ca6345c9,41.1621001,-8.6133006
188,0005ca6345c9,41.1620957,-8.6133022
189,0005ca6345c9,41.1621032,-8.6133421
190,0005ca6345c9,41.162056,-8.6133002
191,0005ca6345c9,41.1621009,-8.6133351
192,0005ca6345c9,41.1620856,-8.6133501
193,0005ca6345c9,41.1620978,-8.6134679
194,0005ca6345c9,41.1621657,-8.6132867
195,0005ca6345c9,41.1621549,-8.6132557
196,0005ca634629,41.1583616,-8.6283683
197,0005ca634629,41.158425,-8.6283516
198,0005ca634629,41.15835,-8.62843
199,0005ca634629,41.1583849,-8.6285049
200,0005ca634629,41.1584333,-8.6285983
201,0005ca634629,41.1584366,-8.628655
202,0005ca634629,41.1584258,-8.6287875
203,0005ca634629,41.1585278,-8.6282901
204,0005ca634629,41.1585055,-8.6283014
205,0005ca634629,41.1585023,-8.6282762
206,0005ca634629,41.1585118,-8.628252
207,0005ca634629,41.1585429,-8.6283095
208,0005ca634629,41.1584864,-8.6282581
209,0005ca634629,41.158515,-8.6283067
210,0005ca634629,41.1584636,-8.6283278
211,0005ca634629,41.1585466,-8.6283999
212,0005ca634629,41.1585458,-8.6284185
213,0005ca634629,41.1585428,-8.6284075
214,0005ca634629,41.1584583,-8.6283933
215,0005ca634629,41.1585433,-8.6284054
216,0005ca634629,41.1584782,-8.628414
217,0005ca634629,41.1585233,-8.628475
218,0005ca634629,41.1585483,-8.6285399
219,0005ca634629,41.1584933,-8.6286433
220,0005ca634629,41.1585199,-8.6285866
221,0005ca634629,41.1584983,-8.6286016
222,0005ca634629,41.1585383,-8.6285633
223,0005ca634629,41.1584566,-8.62857
224,0005ca634629,41.1585099,-8.6286483
225,0005ca634629,41.1584816,-8.6286766
226,0005ca634629,41.1584798,-8.6286788
227,0005ca634629,41.1584933,-8.6287283
228,0005ca634629,41.1584966,-8.6287933
229,0005ca634629,41.1584749,-8.62876
230,0005ca634629,41.1585302,-8.6288481
231,0005ca634629,41.1585216,-8.6287766
232,0005ca634629,41.158505,-8.6289016
233,0005ca634629,41.1584898,-8.6289462
234,0005ca634629,41.1585375,-8.6288559
235,0005ca634629,41.1584524,-8.6289474
236,0005ca634629,41.1584533,-8.6289475
237,0005ca634629,41.158632,-8.6281611
238,0005ca634629,41.1586016,-8.6281616
239,0005ca634629,41.1585966,-8.6282033
240,0005ca634629,41.1586418,-8.6281934
241,0005ca634629,41.1586393,-8.628211
242,0005ca634629,41.158625,-8.6282283
243,0005ca634629,41.1585733,-8.62815
244,0005ca634629,41.1585807,-8.628216
245,0005ca634629,41.15856,-8.628195
246,0005ca634629,41.1586016,-8.6281933
247,0005ca634629,41.1585713,-8.6282028
248,0005ca634629,41.1585971,-8.6281692
249,0005ca634629,41.1586166,-8.62823
250,0005ca634629,41.1585933,-8.6281533
251,0005ca634629,41.1586416,-8.6282766
252,0005ca634629,41.158605,-8.62831
253,0005ca634629,41.1586333,-8.628295
254,0005ca634629,41.1586183,-8.62829
255,0005ca634629,41.1586416,-8.6282733
256,0005ca634629,41.1586197,-8.6283133
257,0005ca634629,41.1586123,-8.6282534
258,0005ca634629,41.1586449,-8.6282633
259,0005ca634629,41.1586231,-8.6283081
260,0005ca634629,41.1585816,-8.62826
261,0005ca634629,41.1586067,-8.6282569
262,0005ca634629,41.1585966,-8.6283183
263,0005ca634629,41.158643,-8.6283044
264,0005ca634629,41.1586316,-8.6282633
265,0005ca634629,41.1585999,-8.6282766
266,0005ca634629,41.1585696,-8.6282727
267,0005ca634629,41.1586027,-8.6282574
268,0005ca634629,41.1585647,-8.6283016
269,0005ca634629,41.1586449,-8.62833
270,0005ca634629,41.1586063,-8.6282565
271,0005ca634629,41.1585916,-8.6282566
272,0005ca634629,41.1586242,-8.6282871
273,0005ca634629,41.1586449,-8.6282866
274,0005ca634629,41.1586383,-8.6282699
275,0005ca634629,41.1586365,-8.6283094
276,0005ca634629,41.1586333,-8.62828
277,0005ca634629,41.1586461,-8.6283235
278,0005ca634629,41.1585883,-8.6283383
279,0005ca634629,41.1586138,-8.6283181
280,0005ca634629,41.158609,-8.6283517
281,0005ca634629,41.1585766,-8.6283783
282,0005ca634629,41.1586262,-8.6283944
283,0005ca634629,41.1585649,-8.62839
284,0005ca634629,41.1586103,-8.6284211
285,0005ca634629,41.1585607,-8.628437
286,0005ca634629,41.1586262,-8.6283944
287,0005ca634629,41.158595,-8.6284316
288,0005ca634629,41.1585583,-8.6283683
289,0005ca634629,41.1586436,-8.6283777
290,0005ca634629,41.1586428,-8.6283656
291,0005ca634629,41.1586099,-8.6283933
292,0005ca634629,41.1586366,-8.6285283
293,0005ca634629,41.1586208,-8.6284685
294,0005ca634629,41.1586083,-8.628465
295,0005ca634629,41.1586455,-8.6284592
296,0005ca634629,41.1585956,-8.6285145
297,0005ca634629,41.1586183,-8.62845
298,0005ca634629,41.1586033,-8.6286516
299,0005ca634629,41.15858,-8.628695
300,0005ca634629,41.1586075,-8.6286788
301,0005ca634629,41.1585533,-8.6287566
302,0005ca634629,41.1585783,-8.62875
303,0005ca634629,41.1585844,-8.6289431
304,0005ca634629,41.1586016,-8.6288942
305,0005ca634629,41.1585888,-8.6289081
306,0005ca634629,41.1585994,-8.6288553
307,0005ca634629,41.1585534,-8.6290362
308,0005ca634629,41.1587123,-8.6282329
309,0005ca634629,41.1587329,-8.6282255
310,0005ca634629,41.158705,-8.6281765
311,0005ca634629,41.1586883,-8.6281916
312,0005ca634629,41.1586872,-8.6282463
313,0005ca634629,41.1586999,-8.628185
314,0005ca634629,41.1586866,-8.6281616
315,0005ca634629,41.1586816,-8.6281783
316,0005ca634629,41.1587172,-8.6282226
317,0005ca634629,41.1587133,-8.6282166
318,0005ca634629,41.1586774,-8.6281672
319,0005ca634629,41.1586816,-8.6281766
320,0005ca634629,41.1586545,-8.6281851
321,0005ca634629,41.1586666,-8.6281533
322,0005ca634629,41.15874,-8.6282317
323,0005ca634629,41.1586935,-8.62824
324,0005ca634629,41.158685,-8.6281833
325,0005ca634629,41.158695,-8.6281983
326,0005ca634629,41.1587016,-8.628205
327,0005ca634629,41.1587457,-8.6282089
328,0005ca634629,41.1587116,-8.6282016
329,0005ca634629,41.1586749,-8.62823
330,0005ca634629,41.15868,-8.6281733
331,0005ca634629,41.1586999,-8.628175
332,0005ca634629,41.1586749,-8.62816
333,0005ca634629,41.1587107,-8.6283085
334,0005ca634629,41.1587371,-8.6283012
335,0005ca634629,41.1587024,-8.6283334
336,0005ca634629,41.15874,-8.6282883
337,0005ca634629,41.1587442,-8.6283362
338,0005ca634629,41.1586899,-8.6282883
339,0005ca634629,41.1586525,-8.6282927
340,0005ca634629,41.1586566,-8.6283316
341,0005ca634629,41.1586803,-8.6283449
342,0005ca634629,41.1586899,-8.6283233
343,0005ca634629,41.158699,-8.6282975
344,0005ca634629,41.1586516,-8.6283083
345,0005ca634629,41.158685,-8.6283336
346,0005ca634629,41.1586649,-8.6282539
347,0005ca634629,41.1586608,-8.6283314
348,0005ca634629,41.158665,-8.628285
349,0005ca634629,41.1586769,-8.6283351
350,0005ca634629,41.1587199,-8.62829
351,0005ca634629,41.1587113,-8.6283376
352,0005ca634629,41.1587069,-8.6283194
353,0005ca634629,41.1586599,-8.628348
354,0005ca634629,41.1586569,-8.6283237
355,0005ca634629,41.1587178,-8.6282556
356,0005ca634629,41.158742,-8.6283156
357,0005ca634629,41.1587333,-8.6282683
358,0005ca634629,41.1587471,-8.6282779
359,0005ca634629,41.1587134,-8.6283339
360,0005ca634629,41.1586769,-8.6283326
361,0005ca634629,41.1587416,-8.6282816
362,0005ca634629,41.1586883,-8.628345
363,0005ca634629,41.1587199,-8.6284083
364,0005ca634629,41.1587383,-8.6284499
365,0005ca634629,41.1586602,-8.6283801
366,0005ca634629,41.1587383,-8.6284483
367,0005ca634629,41.1586833,-8.62835
368,0005ca634629,41.1587349,-8.6284349
369,0005ca634629,41.1587265,-8.6284115
370,0005ca634629,41.1587116,-8.6283916
371,0005ca634629,41.1587224,-8.62838
372,0005ca634629,41.1586827,-8.6283598
373,0005ca634629,41.1586809,-8.6283805
374,0005ca634629,41.1587033,-8.6283583
375,0005ca634629,41.1587116,-8.6283816
376,0005ca634629,41.1587353,-8.6284069
377,0005ca634629,41.1587216,-8.6284433
378,0005ca634629,41.158707,-8.6284059
379,0005ca634629,41.1587331,-8.6283981
380,0005ca634629,41.1587499,-8.6283816
381,0005ca634629,41.1586711,-8.6283965
382,0005ca634629,41.1587496,-8.6284368
383,0005ca634629,41.1587465,-8.628397
384,0005ca634629,41.1587049,-8.6284049
385,0005ca634629,41.1587465,-8.6283515
386,0005ca634629,41.1587043,-8.6283944
387,0005ca634629,41.1586666,-8.6284483
388,0005ca634629,41.15871,-8.628395
389,0005ca634629,41.1587099,-8.6283756
390,0005ca634629,41.1586947,-8.6283978
391,0005ca634629,41.1586983,-8.6284066
392,0005ca634629,41.1586999,-8.6283599
393,0005ca634629,41.1586566,-8.6284607
394,0005ca634629,41.1587126,-8.6285069
395,0005ca634629,41.1587286,-8.6285455
396,0005ca634629,41.1587256,-8.6285062
397,0005ca634629,41.158714,-8.6284715
398,0005ca634629,41.1586549,-8.6284683
399,0005ca634629,41.1587411,-8.6285155
400,0005ca634629,41.1587361,-8.6285201
401,0005ca634629,41.158677,-8.6285467
402,0005ca634629,41.1586936,-8.628495
403,0005ca634629,41.158654,-8.6284592
404,0005ca634629,41.158695,-8.6284783
405,0005ca634629,41.1586913,-8.6285662
406,0005ca634629,41.1586899,-8.6286433
407,0005ca634629,41.1587183,-8.6285583
408,0005ca634629,41.1587433,-8.628555
409,0005ca634629,41.158725,-8.628615
410,0005ca634629,41.1586757,-8.6285874
411,0005ca634629,41.1587049,-8.6285883
412,0005ca634629,41.1586766,-8.628715
413,0005ca634629,41.158665,-8.6286933
414,0005ca634629,41.1587183,-8.6287066
415,0005ca634629,41.1586666,-8.628695
416,0005ca634629,41.1587183,-8.6288083
417,0005ca634629,41.1586997,-8.6288076
418,0005ca634629,41.1586666,-8.62875
419,0005ca634629,41.1587473,-8.6288439
420,0005ca634629,41.1586966,-8.6287566
421,0005ca634629,41.1586659,-8.6288123
422,0005ca634629,41.1587449,-8.62878
423,0005ca634629,41.1586852,-8.6288844
424,0005ca634629,41.1587016,-8.6288533
425,0005ca634629,41.1587173,-8.6288992
426,0005ca634629,41.1587388,-8.6288534
427,0005ca634629,41.1587191,-8.6288608
428,0005ca634629,41.1586879,-8.6288541
429,0005ca634629,41.158689,-8.6289045
430,0005ca634629,41.1586897,-8.6289117
431,0005ca634629,41.1587466,-8.6289183
432,0005ca634629,41.1586574,-8.6288986
433,0005ca634629,41.1587449,-8.6290316
434,0005ca634629,41.1586791,-8.6289902
435,0005ca634629,41.1587083,-8.6289649
436,0005ca634629,41.1587466,-8.62903
437,0005ca634629,41.1587383,-8.6290216
438,0005ca634629,41.1587044,-8.6289569
439,0005ca634629,41.1587466,-8.629025
440,0005ca634629,41.1586883,-8.6289858
441,0005ca634629,41.1586866,-8.628995
442,0005ca634629,41.158755,-8.6282233
443,0005ca634629,41.158806,-8.628241
444,0005ca634629,41.1587563,-8.6281712
445,0005ca634629,41.1588138,-8.628269
446,0005ca634629,41.1587533,-8.6283016
447,0005ca634629,41.1588412,-8.6283023
448,0005ca634629,41.1588277,-8.6283426
449,0005ca634629,41.1587817,-8.628347
450,0005ca634629,41.1588266,-8.6283216
451,0005ca634629,41.1588099,-8.6283066
452,0005ca634629,41.1587616,-8.62832
453,0005ca634629,41.1587923,-8.6282917
454,0005ca634629,41.1588383,-8.6283216
455,0005ca634629,41.1588327,-8.6283028
456,0005ca634629,41.1587922,-8.6282796
457,0005ca634629,41.1587921,-8.6282765
458,0005ca634629,41.1587715,-8.6283286
459,0005ca634629,41.1588232,-8.6283363
460,0005ca634629,41.1588384,-8.6283422
461,0005ca634629,41.1587823,-8.6283944
462,0005ca634629,41.1588364,-8.6284357
463,0005ca634629,41.1587823,-8.6283944
464,0005ca634629,41.1587753,-8.6284145
465,0005ca634629,41.1587996,-8.6284254
466,0005ca634629,41.1588316,-8.6283699
467,0005ca634629,41.1588201,-8.6284403
468,0005ca634629,41.1587865,-8.6283648
469,0005ca634629,41.158841,-8.6284299
470,0005ca634629,41.1587823,-8.6283944
471,0005ca634629,41.1588169,-8.6284443
472,0005ca634629,41.1587823,-8.6283944
473,0005ca634629,41.1587533,-8.6284499
474,0005ca634629,41.158769,-8.6283904
475,0005ca634629,41.1588243,-8.6283699
476,0005ca634629,41.1587823,-8.6283944
477,0005ca634629,41.1587666,-8.6284149
478,0005ca634629,41.158789,-8.6283839
479,0005ca634629,41.1587823,-8.6283944
480,0005ca634629,41.1587536,-8.6283936
481,0005ca634629,41.1587952,-8.6283892
482,0005ca634629,41.1587513,-8.6283781
483,0005ca634629,41.15876,-8.6283816
484,0005ca634629,41.1587683,-8.6284333
485,0005ca634629,41.1587983,-8.6284866
486,0005ca634629,41.158839,-8.6285288
487,0005ca634629,41.1587758,-8.6284803
488,0005ca634629,41.1588399,-8.62852
489,0005ca634629,41.158826,-8.6285105
490,0005ca634629,41.158773,-8.6284713
491,0005ca634629,41.1588083,-8.6284983
492,0005ca634629,41.1588031,-8.6285046
493,0005ca634629,41.1587966,-8.6285116
494,0005ca634629,41.1588233,-8.62851
495,0005ca634629,41.158785,-8.6284666
496,0005ca634629,41.1587758,-8.6284803
497,0005ca634629,41.1588164,-8.6285281
498,0005ca634629,41.1588399,-8.6285066
499,0005ca634629,41.1587949,-8.62848
500,0005ca634629,41.1588156,-8.6285482
501,0005ca634629,41.1588433,-8.6285216
502,0005ca634629,41.1587666,-8.6285166
503,0005ca634629,41.1588483,-8.6285466
504,0005ca634629,41.1587758,-8.6284803
505,0005ca634629,41.1587895,-8.6284834
506,0005ca634629,41.1587728,-8.6284647
507,0005ca634629,41.1588266,-8.6285216
508,0005ca634629,41.1587758,-8.6284803
509,0005ca634629,41.1587567,-8.6284648
510,0005ca634629,41.1587828,-8.6284667
511,0005ca634629,41.1588316,-8.6285049
512,0005ca634629,41.1588216,-8.6285216
513,0005ca634629,41.1587888,-8.6284927
514,0005ca634629,41.1588084,-8.6284829
515,0005ca634629,41.1587758,-8.6284803
516,0005ca634629,41.1588138,-8.6284976
517,0005ca634629,41.1588166,-8.6285066
518,0005ca634629,41.1588418,-8.6284717
519,0005ca634629,41.1587957,-8.6284919
520,0005ca634629,41.1588216,-8.6286466
521,0005ca634629,41.1587605,-8.6285572
522,0005ca634629,41.1588474,-8.6285662
523,0005ca634629,41.1588167,-8.6286285
524,0005ca634629,41.1588333,-8.6285916
525,0005ca634629,41.1588474,-8.6285662
526,0005ca634629,41.15882,-8.6285949
527,0005ca634629,41.1588275,-8.6285786
528,0005ca634629,41.1588105,-8.6286422
529,0005ca634629,41.1588283,-8.62857
530,0005ca634629,41.1588376,-8.6285757
531,0005ca634629,41.1587516,-8.628605
532,0005ca634629,41.1588474,-8.6285662
533,0005ca634629,41.1587799,-8.6286433
534,0005ca634629,41.158845,-8.6286095
535,0005ca634629,41.1587683,-8.6286466
536,0005ca634629,41.1587758,-8.6285806
537,0005ca634629,41.1587666,-8.6285783
538,0005ca634629,41.158815,-8.6286416
539,0005ca634629,41.15877,-8.6286366
540,0005ca634629,41.1588474,-8.6285662
541,0005ca634629,41.1587916,-8.6286415
542,0005ca634629,41.1588474,-8.6285662
543,0005ca634629,41.1588433,-8.6285949
544,0005ca634629,41.1587782,-8.6285675
545,0005ca634629,41.1588325,-8.6285912
546,0005ca634629,41.15883,-8.6285933
547,0005ca634629,41.1588,-8.6285916
548,0005ca634629,41.1587633,-8.6286066
549,0005ca634629,41.1588433,-8.6286033
550,0005ca634629,41.158815,-8.6285833
551,0005ca634629,41.1588474,-8.6285662
552,0005ca634629,41.1588465,-8.6286186
553,0005ca634629,41.1588123,-8.6286393
554,0005ca634629,41.1588349,-8.628555
555,0005ca634629,41.1587933,-8.6285966
556,0005ca634629,41.1588474,-8.6285662
557,0005ca634629,41.1588474,-8.6285662
558,0005ca634629,41.1588474,-8.6285662
559,0005ca634629,41.1587768,-8.628697
560,0005ca634629,41.1588139,-8.6286643
561,0005ca634629,41.1588293,-8.6287172
562,0005ca634629,41.15883,-8.6287266
563,0005ca634629,41.158813,-8.6287075
564,0005ca634629,41.1587834,-8.6287225
565,0005ca634629,41.1588216,-8.6287316
566,0005ca634629,41.1588475,-8.6286996
567,0005ca634629,41.1588421,-8.6286815
568,0005ca634629,41.1588403,-8.6286922
569,0005ca634629,41.1588333,-8.6286766
570,0005ca634629,41.1588231,-8.6286507
571,0005ca634629,41.1588417,-8.6287576
572,0005ca634629,41.1587766,-8.6288116
573,0005ca634629,41.1588197,-8.6288398
574,0005ca634629,41.1587914,-8.6287536
575,0005ca634629,41.1588105,-8.6287614
576,0005ca634629,41.158815,-8.6288066
577,0005ca634629,41.1588115,-8.6287565
578,0005ca634629,41.1588424,-8.6288069
579,0005ca634629,41.1588167,-8.6289317
580,0005ca634629,41.1587647,-8.6288816
581,0005ca634629,41.1587522,-8.6288949
582,0005ca634629,41.1587875,-8.6288916
583,0005ca634629,41.1588464,-8.6289239
584,0005ca634629,41.158775,-8.6289283
585,0005ca634629,41.1588316,-8.6288678
586,0005ca634629,41.1588393,-8.6289065
587,0005ca634629,41.158767,-8.6289151
588,0005ca634629,41.1587583,-8.6289083
589,0005ca634629,41.1587983,-8.6288983
590,0005ca634629,41.1588249,-8.6288716
591,0005ca634629,41.1587804,-8.6289194
592,0005ca634629,41.1588254,-8.6289477
593,0005ca634629,41.1587593,-8.6288995
594,0005ca634629,41.158845,-8.62886
595,0005ca634629,41.1588133,-8.6290018
596,0005ca634629,41.1588178,-8.6289524
597,0005ca634629,41.15877,-8.6289783
598,0005ca634629,41.1588283,-8.628952
599,0005ca634629,41.158768,-8.6290257
600,0005ca634629,41.1587905,-8.6289738
601,0005ca634629,41.1587974,-8.6289765
602,0005ca634629,41.158845,-8.6290283
603,0005ca634629,41.1588345,-8.6289753
604,0005ca634629,41.1588509,-8.628349
605,0005ca634629,41.1588842,-8.6284472
606,0005ca634629,41.1588853,-8.6284423
607,0005ca634629,41.1588825,-8.6284334
608,0005ca634629,41.1588539,-8.6284434
609,0005ca634629,41.1588583,-8.6284366
610,0005ca634629,41.1588733,-8.6284633
611,0005ca634629,41.15886,-8.6285316
612,0005ca634629,41.158865,-8.6284666
613,0005ca634629,41.1588539,-8.6284803
614,0005ca634629,41.1588831,-8.6285179
615,0005ca634629,41.1588978,-8.6284905
616,0005ca634629,41.1588716,-8.62848
617,0005ca634629,41.1588539,-8.6284803
618,0005ca634629,41.158895,-8.6285416
619,0005ca634629,41.1589316,-8.6285483
620,0005ca634629,41.1589116,-8.6284533
621,0005ca634629,41.1588519,-8.6284663
622,0005ca634629,41.1588539,-8.6284803
623,0005ca634629,41.1589039,-8.6285147
624,0005ca634629,41.1588652,-8.628471
625,0005ca634629,41.1588849,-8.6285416
626,0005ca634629,41.1588525,-8.6285298
627,0005ca634629,41.1589116,-8.628517
628,0005ca634629,41.15893,-8.6286118
629,0005ca634629,41.1588733,-8.6286166
630,0005ca634629,41.1588566,-8.628605
631,0005ca634629,41.1589269,-8.6285745
632,0005ca634629,41.1588911,-8.6285993
633,0005ca634629,41.1588999,-8.6285566
634,0005ca634629,41.1589316,-8.6286
635,0005ca634629,41.1588655,-8.6286371
636,0005ca634629,41.1588756,-8.6285984
637,0005ca634629,41.1588716,-8.6285516
638,0005ca634629,41.1589397,-8.6286132
639,0005ca634629,41.1588783,-8.6286
640,0005ca634629,41.158875,-8.6286383
641,0005ca634629,41.1588766,-8.628625
642,0005ca634629,41.1588933,-8.62857
643,0005ca634629,41.1589033,-8.628555
644,0005ca634629,41.1589074,-8.6286041
645,0005ca634629,41.1588831,-8.6285599
646,0005ca634629,41.1589166,-8.6285583
647,0005ca634629,41.1589066,-8.6286233
648,0005ca634629,41.1589042,-8.6285543
649,0005ca634629,41.1589449,-8.62859
650,0005ca634629,41.1588582,-8.6285733
651,0005ca634629,41.1588816,-8.6286333
652,0005ca634629,41.1589333,-8.62857
653,0005ca634629,41.1588617,-8.6285537
654,0005ca634629,41.1589166,-8.628555
655,0005ca634629,41.1588733,-8.6285666
656,0005ca634629,41.1588666,-8.6286433
657,0005ca634629,41.1588883,-8.628645
658,0005ca634629,41.1589419,-8.6286792
659,0005ca634629,41.1589204,-8.628746
660,0005ca634629,41.1588999,-8.6286883
661,0005ca634629,41.1588812,-8.628734
662,0005ca634629,41.158917,-8.628675
663,0005ca634629,41.1588973,-8.6286981
664,0005ca634629,41.158865,-8.628665
665,0005ca634629,41.1589316,-8.6287133
666,0005ca634629,41.1588529,-8.628738
667,0005ca634629,41.1588516,-8.6287216
668,0005ca634629,41.15891,-8.6287016
669,0005ca634629,41.1588766,-8.6286916
670,0005ca634629,41.1588999,-8.6286566
671,0005ca634629,41.1588951,-8.6286759
672,0005ca634629,41.1588642,-8.6286534
673,0005ca634629,41.1588966,-8.628675
674,0005ca634629,41.1589242,-8.6286933
675,0005ca634629,41.1588866,-8.6286766
676,0005ca634629,41.1588903,-8.6287445
677,0005ca634629,41.1589016,-8.6286733
678,0005ca634629,41.1589133,-8.6287366
679,0005ca634629,41.1589316,-8.6287283
680,0005ca634629,41.1589109,-8.6286905
681,0005ca634629,41.158873,-8.6286781
682,0005ca634629,41.158858,-8.6287136
683,0005ca634629,41.1588914,-8.6286725
684,0005ca634629,41.158905,-8.62872
685,0005ca634629,41.1588565,-8.6286993
686,0005ca634629,41.15894,-8.6288166
687,0005ca634629,41.1588533,-8.6287749
688,0005ca634629,41.1589083,-8.6287917
689,0005ca634629,41.1588772,-8.6287899
690,0005ca634629,41.1589149,-8.6288483
691,0005ca634629,41.1588979,-8.628767
692,0005ca634629,41.1589416,-8.6288083
693,0005ca634629,41.158935,-8.6288033
694,0005ca634629,41.1588559,-8.6288007
695,0005ca634629,41.1588572,-8.6287763
696,0005ca634629,41.1589016,-8.6288416
697,0005ca634629,41.1588764,-8.6287895
698,0005ca634629,41.15886,-8.6287766
699,0005ca634629,41.1588983,-8.62875
700,0005ca634629,41.1588976,-8.6288335
701,0005ca634629,41.1588733,-8.6287716
702,0005ca634629,41.1589311,-8.6288346
703,0005ca634629,41.1589016,-8.62884
704,0005ca634629,41.1589207,-8.6288489
705,0005ca634629,41.1588688,-8.6287936
706,0005ca634629,41.1589366,-8.6288233
707,0005ca634629,41.1588872,-8.6287657
708,0005ca634629,41.15888322,-8.62878154
709,0005ca634629,41.1589416,-8.6287916
710,0005ca634629,41.1589449,-8.6287716
711,0005ca634629,41.1589416,-8.62881
712,0005ca634629,41.1588965,-8.6287751
713,0005ca634629,41.1589433,-8.6287616
714,0005ca634629,41.1589334,-8.6287817
715,0005ca634629,41.1589333,-8.628905
716,0005ca634629,41.1589348,-8.6289091
717,0005ca634629,41.1589375,-8.6289081
718,0005ca634629,41.1588614,-8.6289182
719,0005ca634629,41.158946,-8.6289132
720,0005ca634629,41.1589323,-8.6289098
721,0005ca634629,41.158946,-8.6289239
722,0005ca634629,41.1589283,-8.628885
723,0005ca634629,41.1588928,-8.6289364
724,0005ca634629,41.1589191,-8.6288693
725,0005ca634629,41.1589186,-8.6288823
726,0005ca634629,41.1589207,-8.6288671
727,0005ca634629,41.1588733,-8.6288866
728,0005ca634629,41.1589192,-8.6289278
729,0005ca634629,41.1589291,-8.6289098
730,0005ca634629,41.1589017,-8.6289368
731,0005ca634629,41.1589429,-8.6289142
732,0005ca634629,41.1589386,-8.6289087
733,0005ca634629,41.1589307,-8.6288875
734,0005ca634629,41.1589045,-8.6289106
735,0005ca634629,41.1588549,-8.6288866
736,0005ca634629,41.15895,-8.6288533
737,0005ca634629,41.1588967,-8.6289234
738,0005ca634629,41.1589074,-8.6288947
739,0005ca634629,41.1588935,-8.6289034
740,0005ca634629,41.1589375,-8.6289208
741,0005ca634629,41.1589599,-8.628605
742,0005ca634629,41.1589983,-8.6286116
743,0005ca634629,41.1590166,-8.628605
744,0005ca634629,41.1589766,-8.6286283
745,0005ca634629,41.1589816,-8.62862
746,0005ca634629,41.1589699,-8.62862
747,0005ca634629,41.1589903,-8.6285819
748,0005ca634629,41.1590378,-8.6286103
749,0005ca634629,41.1589551,-8.6285861
750,0005ca634629,41.158972,-8.6286123
751,0005ca634629,41.1590233,-8.6285881
752,0005ca634629,41.1589866,-8.6287066
753,0005ca634629,41.1590328,-8.6286951
754,0005ca634629,41.1590172,-8.6287425
755,0005ca634629,41.1589933,-8.6286533
756,0005ca634629,41.1589899,-8.62867
757,0005ca634629,41.1589906,-8.628738
758,0005ca634629,41.1589633,-8.6286705
759,0005ca634629,41.1589558,-8.6287109
760,0005ca634629,41.1589673,-8.628693
761,0005ca634629,41.1589983,-8.6287283
762,0005ca634629,41.1590012,-8.6287059
763,0005ca634629,41.158955,-8.6286816
764,0005ca634629,41.1590328,-8.6286951
765,0005ca634629,41.1589916,-8.62868
766,0005ca634629,41.1590328,-8.6286951
767,0005ca634629,41.1589553,-8.6286873
768,0005ca634629,41.1589885,-8.6287856
769,0005ca634629,41.1589848,-8.6287859
770,0005ca634629,41.1590306,-8.6288312
771,0005ca634629,41.15898,-8.6287858
772,0005ca634629,41.1589938,-8.6288378
773,0005ca634629,41.1590349,-8.6287933
774,0005ca634629,41.1590286,-8.6288086
775,0005ca634629,41.1590458,-8.6288409
776,0005ca634629,41.1589722,-8.6288097
777,0005ca634629,41.15904,-8.6287883
778,0005ca6348d9,41.1485709,-8.5987227
779,0005ca6348d9,41.1486081,-8.5988
780,0005ca6348d9,41.148648,-8.5988163
781,0005ca6348d9,41.1485591,-8.5990556
782,0005ca6348d9,41.1486504,-8.5986969
783,0005ca6348d9,41.1486628,-8.5986919
784,0005ca6348d9,41.1487474,-8.5988192
785,0005ca6348d9,41.1487026,-8.5988345
786,0005ca6348d9,41.1488188,-8.5984655
787,0005ca6348d9,41.1488019,-8.5984517
788,0005ca6348d9,41.1488104,-8.5987229
789,0005ca6348d9,41.1488425,-8.5986991
790,0005ca6348d9,41.1488122,-8.5987978
791,0005ca6348d9,41.148783,-8.5988006
792,0005ca6348d9,41.1488445,-8.5988436
793,0005ca6348d9,41.1488349,-8.59886
794,0005ca6348d9,41.1488185,-8.5988824
795,0005ca6348d9,41.1488473,-8.5990299
796,0005ca6348d9,41.1488441,-8.5991079
797,0005ca6348d9,41.1489321,-8.5984559
798,0005ca6348d9,41.1489431,-8.5985646
799,0005ca6348d9,41.1489346,-8.5985785
800,0005ca6348d9,41.1489289,-8.5986362
801,0005ca6348d9,41.1488545,-8.5988232
802,0005ca6348d9,41.1488953,-8.5988036
803,0005ca6348d9,41.1489108,-8.5988415
804,0005ca6348d9,41.1488947,-8.5988168
805,0005ca6348d9,41.1488595,-8.5989248
806,0005ca6348d9,41.1488583,-8.5989333
807,0005ca6348d9,41.1488664,-8.598936
808,0005ca6348d9,41.1488581,-8.5989166
809,0005ca6348d9,41.1488507,-8.5988832
810,0005ca6348d9,41.1488603,-8.5988818
811,0005ca6348d9,41.1489114,-8.5989127
812,0005ca6348d9,41.1489411,-8.5990438
813,0005ca6348d9,41.148895,-8.599085
814,0005ca6348d9,41.1488541,-8.5990581
815,0005ca6348d9,41.1488805,-8.5991173
816,0005ca6348d9,41.148887,-8.5991559
817,0005ca6348d9,41.148852,-8.5991561
818,0005ca6348d9,41.1489849,-8.5985726
819,0005ca6348d9,41.1489539,-8.5986031
820,0005ca6348d9,41.1489579,-8.598598
821,0005ca6348d9,41.148964,-8.5985895
822,0005ca6348d9,41.1490008,-8.5987724
823,0005ca6348d9,41.1490195,-8.5988682
824,0005ca6348d9,41.1489812,-8.5988937
825,0005ca6348d9,41.1489645,-8.5989467
826,0005ca6348d9,41.1490357,-8.5990643
827,0005ca6348d9,41.1490471,-8.5991458
828,0005ca6348d9,41.1491069,-8.5987495
829,0005ca6348d9,41.1491306,-8.5987575
830,0005ca6348d9,41.1491059,-8.5989995
831,0005ca6348d9,41.1491309,-8.5990348
832,0005ca6348d9,41.1491229,-8.599015
833,0005ca6348d9,41.1490964,-8.5991348
834,0005ca6348d9,41.1492485,-8.5986851
835,0005ca636689,41.1628984,-8.5916149
836,0005ca636689,41.1630163,-8.591598
837,0005ca636689,41.1630776,-8.5909596
838,0005ca636689,41.1630609,-8.5910385
839,0005ca636689,41.1630538,-8.5910086
840,0005ca636689,41.1631107,-8.5911342
841,0005ca636689,41.1631262,-8.5914256
842,0005ca636689,41.1631063,-8.591396
843,0005ca636689,41.1631433,-8.5913562
844,0005ca636689,41.1630825,-8.5914935
845,0005ca636689,41.163146,-8.5916878
846,0005ca636689,41.1631156,-8.591787
847,0005ca636689,41.1631574,-8.591029
848,0005ca636689,41.163199,-8.5911354
849,0005ca636689,41.1632357,-8.5912403
850,0005ca636689,41.1631513,-8.5912285
851,0005ca636689,41.1631725,-8.591256
852,0005ca636689,41.1632112,-8.5913249
853,0005ca636689,41.1632169,-8.5913565
854,0005ca636689,41.1632356,-8.5916545
855,0005ca636689,41.1632033,-8.5917009
856,0005ca636689,41.1631583,-8.5916855
857,0005ca636689,41.163255,-8.591408
858,0005ca636689,41.1632819,-8.5914906
859,0005ca636689,41.1633266,-8.5915333
860,0005ca636689,41.16332,-8.5915383
861,0005ca636689,41.163265,-8.5916233
862,0005ca636689,41.1632523,-8.5916351
863,0005ca636689,41.1633299,-8.5915733
864,0005ca636689,41.1632847,-8.5915809
865,0005ca636689,41.1633416,-8.5915883
866,0005ca636689,41.1632576,-8.5916413
867,0005ca636729,41.157645,-8.647615
868,0005ca636729,41.157635,-8.6476
869,0005ca636729,41.1576633,-8.6476583
870,0005ca636a09,41.1615561,-8.5952985
871,0005ca636a09,41.1615591,-8.5953416
872,0005ca636a09,41.1615567,-8.5953268
873,0005ca636a09,41.1615697,-8.595395
874,0005ca636a09,41.1615687,-8.5954476
875,0005ca636a09,41.1615675,-8.5953847
876,0005ca636a09,41.1616088,-8.5955017
877,0005ca636a09,41.1615826,-8.5954538
878,0005ca636a09,41.1615999,-8.595483
879,0005ca636a09,41.1616265,-8.5955663
880,0005ca636a09,41.1616441,-8.595641
881,0005ca636a09,41.1616221,-8.5955732
882,0005ca636a09,41.1616221,-8.5956779
883,0005ca636a09,41.1616118,-8.5957468
884,0005ca636a09,41.1616184,-8.5957255
885,0005ca636a09,41.1616123,-8.5956862
886,0005ca636a09,41.1616401,-8.5956537
887,0005ca636a09,41.1616129,-8.5957431
888,0005ca636a09,41.1616113,-8.5957989
889,0005ca636a09,41.1615989,-8.595806
890,0005ca636a09,41.1616146,-8.5958483
891,0005ca636a09,41.1616235,-8.5958623
892,0005ca636a09,41.161675,-8.5957064
893,0005ca636a09,41.1616643,-8.5957114
894,0005ca636a09,41.161677,-8.5957062
895,0005ca636a09,41.1616601,-8.5957136
896,0005ca636a09,41.1616576,-8.5957148
897,0005ca636a09,41.1616673,-8.5957101
898,0005ca636a09,41.1616764,-8.5957058
899,0005ca636a09,41.1616691,-8.595709
900,0005ca636a09,41.1616588,-8.5957142
901,0005ca636a09,41.1616719,-8.595708
902,0005ca636a09,41.1616661,-8.5957106
903,0005ca636a09,41.1616648,-8.5957112
904,0005ca636a09,41.1616532,-8.5957169
905,0005ca636a09,41.1616669,-8.5957102
906,0005ca636a09,41.1616595,-8.595714
907,0005ca636a09,41.1616705,-8.5957085
908,0005ca636a09,41.1616715,-8.5957081
909,0005ca636a09,41.1616621,-8.5957126
910,0005ca636a09,41.1616639,-8.5957116
911,0005ca636a09,41.1616566,-8.5957153
912,0005ca636a09,41.1616756,-8.5957061
913,0005ca636a09,41.1616635,-8.5957119
914,0005ca636a09,41.1616732,-8.5957076
915,0005ca636a09,41.1616738,-8.5957072
916,0005ca636a09,41.1616655,-8.595711
917,0005ca636a09,41.1616623,-8.5957125
918,0005ca636a09,41.1616746,-8.5957067
919,0005ca636a09,41.1616781,-8.5957063
920,0005ca636a09,41.1616685,-8.5957094
921,0005ca636a09,41.1616693,-8.595709
922,0005ca636a09,41.1616759,-8.595706
923,0005ca636a09,41.161671,-8.5957083
924,0005ca636a09,41.161655,-8.595716
925,0005ca636a09,41.1616608,-8.5957131
926,0005ca636a09,41.1616628,-8.5957123
927,0005ca636a09,41.1616741,-8.5957069
928,0005ca636a09,41.1616614,-8.5959209
929,0005ca636a09,41.1616577,-8.5959378
930,0005ca636a09,41.1616515,-8.5960277
931,0005ca636a09,41.1616554,-8.5960046
932,0005ca636a09,41.1616789,-8.5960875
933,0005ca636a09,41.1616833,-8.5960683
934,0005ca636a09,41.1616761,-8.5960796
935,0005ca636f89,41.1544,-8.6045
936,0005ca636f89,41.1544268,-8.6048159
937,0005ca636f89,41.1545438,-8.6045775
938,0005ca636f89,41.1544755,-8.6046871
939,0005ca636f89,41.1544755,-8.6046871
940,0005ca636f89,41.1545383,-8.6047266
941,0005ca636f89,41.1545084,-8.6047767
942,0005ca636f89,41.1545696,-8.6045787
943,0005ca636f89,41.1546167,-8.6047021
944,0005ca636f89,41.1545565,-8.6047208
945,0005ca636f89,41.1545535,-8.6046871
946,0005ca636f89,41.1545577,-8.6047228
947,0005ca636f89,41.1545535,-8.6046871
948,0005ca636f89,41.1546166,-8.604691
949,0005ca636f89,41.1546783,-8.6041999
950,0005ca636f89,41.1547106,-8.6041876
951,0005ca636f89,41.1547433,-8.6043333
952,0005ca636f89,41.154705,-8.60433
953,0005ca636f89,41.1547249,-8.60445
954,0005ca636f89,41.1547464,-8.6044306
955,0005ca636f89,41.1547399,-8.6045083
956,0005ca636f89,41.1547059,-8.6045897
957,0005ca636f89,41.1546966,-8.6047
958,0005ca636f89,41.15473,-8.6047183
959,0005ca636f89,41.1546946,-8.6047018
960,0005ca636f89,41.1547139,-8.6047457
961,0005ca636f89,41.1547096,-8.6046871
962,0005ca636f89,41.1547176,-8.6048269
963,0005ca636f89,41.1546602,-8.6047884
964,0005ca636f89,41.1548333,-8.6042283
965,0005ca636f89,41.1548134,-8.6043436
966,0005ca636f89,41.1548317,-8.604399
967,0005ca636f89,41.1548409,-8.6044395
968,0005ca636f89,41.1548133,-8.6044666
969,0005ca636f89,41.1547921,-8.6044749
970,0005ca636f89,41.1547728,-8.6045919
971,0005ca636f89,41.1548415,-8.6046766
972,0005ca636f89,41.1548205,-8.6046918
973,0005ca636f89,41.1547715,-8.6047845
974,0005ca636f89,41.1547783,-8.6047733
975,0005ca636f89,41.1548142,-8.6047964
976,0005ca636f89,41.1548566,-8.60442
977,0005ca636f89,41.154855,-8.604445
978,0005ca636f89,41.1548816,-8.6044249
979,0005ca636f89,41.1548599,-8.6044033
980,0005ca636f89,41.1548721,-8.6046012
981,0005ca636f89,41.1548694,-8.6046633
982,0005ca636f89,41.1548592,-8.604773
983,0005ca636f89,41.1549125,-8.6047715
984,0005ca636f89,41.1549722,-8.6045969
985,0005ca636f89,41.1549751,-8.6046812
986,0005ca638b89,41.165019,-8.6302022
987,0005ca638b89,41.1650269,-8.6302673
988,0005ca638b89,41.1651381,-8.6301287
989,0005ca638b89,41.1651125,-8.6301668
990,0005ca638b89,41.1651479,-8.6302376
991,0005ca638b89,41.1651107,-8.6303087
992,0005ca638b89,41.1651089,-8.630459
993,0005ca638dc9,41.1650455,-8.6307672
994,0005ca638dc9,41.1649887,-8.6309312
995,0005ca638dc9,41.1651373,-8.6304337
996,0005ca638dc9,41.1650789,-8.630384
997,0005ca638dc9,41.1651089,-8.630459
998,0005ca638dc9,41.16509,-8.6305534
999,0005ca638dc9,41.1650566,-8.6306537
1000,0005ca639349,41.1545449,-8.607677
1001,0005ca639349,41.1545322,-8.6076817
1002,0005ca639349,41.1546341,-8.6077086
1003,0005ca639349,41.1546093,-8.6076958
1004,0005ca639349,41.154668,-8.6077266
1005,0005ca639349,41.154849,-8.6075976
1006,0005ca639349,41.154847,-8.6075985
1007,0005ca6397e9,41.1488622,-8.5988524
1008,0005ca6397e9,41.149077,-8.5989316
1009,0005ca6397e9,41.1490833,-8.5989407
1010,0005ca6397e9,41.1491229,-8.599015
1011,0005ca6397e9,41.1491059,-8.5989995
1012,0005ca639949,41.1502815,-8.5915543
1013,0005ca63abe9,41.1615723,-8.645216
1014,0005ca63abe9,41.1616261,-8.6451809
1015,0005ca63b7f9,41.1668991,-8.5940736
1016,0005ca63b7f9,41.1670337,-8.5938003
1017,0005ca63b7f9,41.1671096,-8.5935201
1018,0005ca63b7f9,41.1671268,-8.5936064
1019,0005ca63b7f9,41.1671434,-8.5936699
1020,0005ca63b7f9,41.1671363,-8.5937114
1021,0005ca63b7f9,41.1670943,-8.5937067
1022,0005ca63b7f9,41.1670557,-8.5938202
1023,0005ca63b7f9,41.167117,-8.5937855
1024,0005ca63b7f9,41.167064,-8.5937755
1025,0005ca63b7f9,41.1671178,-8.593932
1026,0005ca63b7f9,41.1671375,-8.5939113
1027,0005ca63b7f9,41.1670968,-8.5941218
1028,0005ca63b7f9,41.1671091,-8.59409
1029,0005ca63b7f9,41.1670628,-8.5941351
1030,0005ca63b7f9,41.1671579,-8.5936126
1031,0005ca63b7f9,41.1672395,-8.5935799
1032,0005ca63b7f9,41.1672134,-8.5936738
1033,0005ca63b7f9,41.1671537,-8.5936781
1034,0005ca63b7f9,41.1672066,-8.5937147
1035,0005ca63b7f9,41.1672027,-8.5937359
1036,0005ca63b7f9,41.1671992,-8.5938306
1037,0005ca63b7f9,41.1672072,-8.593845
1038,0005ca63b7f9,41.1672014,-8.5938284
1039,0005ca63b7f9,41.1672112,-8.5938451
1040,0005ca63b7f9,41.1672044,-8.5938322
1041,0005ca63b7f9,41.1672061,-8.593839
1042,0005ca63b7f9,41.1672275,-8.5938132
1043,0005ca63b7f9,41.1671886,-8.5938785
1044,0005ca63b7f9,41.1673253,-8.5936949
1045,0005ca63b7f9,41.1672607,-8.5937687
1046,0005ca63b7f9,41.1672914,-8.5937618
1047,0005ca63bf79,41.1632465,-8.6328728
1048,0005ca63bf79,41.1632481,-8.6328705
1049,0005ca63bf79,41.1632471,-8.6328817
1050,0005ca63bf79,41.1632816,-8.6325033
1051,0005ca63bf79,41.1632803,-8.6328612
1052,0005ca63bf79,41.1632733,-8.6329504
1053,0005ca63bf79,41.1633859,-8.6325849
1054,0005ca63bf79,41.1633997,-8.6326189
1055,0005ca63bf79,41.1634767,-8.6325867
1056,0005ca63bf79,41.163517,-8.6326125
1057,0005ca63bf79,41.1634629,-8.632695
1058,0005ca63bf79,41.1634722,-8.6326509
1059,0005ca63bf79,41.1634613,-8.6328079
1060,0005ca63bf79,41.1634633,-8.632845
1061,0005ca63bf79,41.1635116,-8.6329616
1062,0005ca63bf79,41.1635283,-8.6329766
1063,0005ca63bf79,41.16356,-8.632821
1064,0005ca63bf79,41.1636165,-8.6329438
1065,0005ca63bf79,41.1635862,-8.63287
1066,0005ca63bf79,41.1635851,-8.6330623
1067,0005ca63bf79,41.1636083,-8.6330966
1068,0005ca63bf79,41.1637355,-8.6329803
1069,0005ca63bf79,41.1637253,-8.6330994
1070,0005ca63c239,41.1746313,-8.5856391
1071,0005ca63c919,41.1595833,-8.610335
1072,0005ca63c919,41.1595915,-8.6103414
1073,0005ca63c919,41.159555,-8.6103533
1074,0005ca63c919,41.1597417,-8.6102317
1075,0005ca63c919,41.159685,-8.610275
1076,0005ca63c919,41.1596917,-8.610295
1077,0005ca63c919,41.1598153,-8.6102371
1078,0005ca63c919,41.1597667,-8.6101967
1079,0005ca63c919,41.1598383,-8.610175
1080,0005ca63c919,41.1598029,-8.6102457
1081,0005ca63c919,41.1599351,-8.610071
1082,0005ca63c919,41.1599463,-8.6102107
1083,0005ca63c919,41.1599173,-8.6102162
1084,0005ca63c919,41.1599309,-8.6102118
1085,0005ca63c919,41.1599286,-8.6101936
1086,0005ca63c919,41.1600115,-8.6101411
1087,0005ca63c919,41.1599501,-8.6101185
1088,0005ca63c919,41.1599578,-8.6101854
1089,0005ca63c919,41.16,-8.6101515
1090,0005ca63c919,41.1599688,-8.6101794
1091,0005ca63c919,41.1600569,-8.6101279
1092,0005ca63c919,41.1600775,-8.6101199
1093,0005ca63c919,41.160225,-8.6100178
1094,0005ca63c919,41.1602401,-8.6100124
1095,0005ca63c919,41.1601869,-8.610032
1096,0005ca63c919,41.1601503,-8.6100509
1097,0005ca63cca9,41.1651747,-8.5822392
1098,0005ca63cca9,41.1653558,-8.5823487
1099,0005ca63cca9,41.1654815,-8.5824367
1100,0005ca63cca9,41.1656563,-8.5825815
1101,0005ca63d019,41.1530275,-8.6287885
1102,0005ca63d019,41.1530757,-8.6287315
1103,0005ca63d019,41.1531282,-8.628751
1104,0005ca63d019,41.153141,-8.6287506
1105,0005ca63d019,41.1531339,-8.6287523
1106,0005ca63d019,41.1532496,-8.6287446
1107,0005ca63d019,41.1532264,-8.6287522
1108,0005ca63d019,41.1531955,-8.6287753
1109,0005ca63d019,41.1531616,-8.628753
1110,0005ca63d019,41.1531981,-8.6287554
1111,0005ca63d019,41.1533026,-8.6287606
1112,0005ca63d019,41.1532698,-8.6287878
1113,0005ca63d019,41.1533488,-8.628759
1114,0005ca63d019,41.153442,-8.6287773
1115,0005ca63d019,41.1534076,-8.6287874
1116,0005ca63d019,41.1533647,-8.6287664
1117,0005ca63d019,41.1535433,-8.6287299
1118,0005ca63d019,41.153507,-8.6287499
1119,0005ca63d019,41.1534832,-8.6287177
1120,0005ca63d019,41.1535202,-8.6287476
1121,0005ca63d019,41.1534597,-8.6287871
1122,0005ca63d019,41.1535534,-8.6287355
1123,0005ca63d019,41.1535865,-8.6287501
1124,0005ca63d1e9,41.1583819,-8.6001491
1125,0005ca63d1e9,41.1583819,-8.6001491
1126,0005ca63d1e9,41.1585725,-8.6002153
1127,0005ca63d1e9,41.158568,-8.6002158
1128,0005ca63d1e9,41.1585864,-8.6002135
1129,0005ca63d1e9,41.1585958,-8.6002113
1130,0005ca63d1e9,41.1585813,-8.600215
1131,0005ca63d1e9,41.1585769,-8.6002152
1132,0005ca63d1e9,41.1587022,-8.6001683
1133,0005ca63d1e9,41.1588203,-8.6001241
1134,0005ca63d1e9,41.1587713,-8.6001364
1135,0005ca63d1e9,41.1589027,-8.6000764
1136,0005ca63d1e9,41.1588756,-8.6000913
1137,0005ca63d209,41.160897,-8.6479843
1138,0005ca63d209,41.1610264,-8.6474143
1139,0005ca63d209,41.1610295,-8.6474821
1140,0005ca63d209,41.1610166,-8.6475766
1141,0005ca63d209,41.1610966,-8.6476983
1142,0005ca63d209,41.1611178,-8.6476839
1143,0005ca63d209,41.1611249,-8.648045
1144,0005ca63d209,41.161053,-8.6479843
1145,0005ca63d209,41.1611703,-8.6480183
1146,0005ca63d319,41.1623483,-8.6075917
1147,0005ca63d319,41.1623023,-8.607567
1148,0005ca63d319,41.1623458,-8.6076366
1149,0005ca63d319,41.1623393,-8.6076585
1150,0005ca63d319,41.1623567,-8.6075617
1151,0005ca63d319,41.1623567,-8.6076883
1152,0005ca63de79,41.1609364,-8.6485443
1153,0005ca63de79,41.1609306,-8.6485057
1154,0005ca63de79,41.1609267,-8.6484601
1155,0005ca63de79,41.1609408,-8.6485767
1156,0005ca63de79,41.1609497,-8.6486298
1157,0005ca63de79,41.1608852,-8.649143
1158,0005ca63de79,41.1608722,-8.6490913
1159,0005ca63de79,41.1609973,-8.6483348
1160,0005ca63de79,41.1609971,-8.6484074
1161,0005ca63de79,41.1610323,-8.6483826
1162,0005ca63de79,41.1609947,-8.6485468
1163,0005ca63de79,41.1609954,-8.6485128
1164,0005ca63de79,41.1609784,-8.6484652
1165,0005ca63de79,41.1610059,-8.6486424
1166,0005ca63de79,41.1609666,-8.648693
1167,0005ca63de79,41.1610137,-8.6486764
1168,0005ca63de79,41.1610235,-8.6488047
1169,0005ca63de79,41.1610116,-8.6487745
1170,0005ca63de79,41.1610563,-8.6485597
1171,0005ca63de79,41.1610571,-8.6488843
1172,0005ca63de79,41.1612967,-8.64857
1173,0005ca63de79,41.1613284,-8.6488222
1174,0005ca63de79,41.1613423,-8.648897
1175,0005ca63df69,41.1614283,-8.6207617
1176,0005ca63df69,41.16153,-8.62064
1177,0005ca63df69,41.1615074,-8.6209922
1178,0005ca63df69,41.161605,-8.6206508
1179,0005ca63df69,41.1615867,-8.6208178
1180,0005ca63df69,41.1617,-8.6204133
1181,0005ca63e019,41.1539876,-8.6419588
1182,0005ca63e0b9,41.1566004,-8.6416204
1183,0005ca63e0b9,41.1566097,-8.6417115
1184,0005ca63e0b9,41.1566097,-8.6417115
1185,0005ca63e0b9,41.1566585,-8.6416092
1186,0005ca63e329,41.1682133,-8.6020783
1187,0005ca63e329,41.1682899,-8.601425
1188,0005ca63e329,41.1683066,-8.60151
1189,0005ca63e329,41.1683499,-8.6015316
1190,0005ca63e329,41.1683316,-8.60158
1191,0005ca63e329,41.1683333,-8.6016233
1192,0005ca63e329,41.1683166,-8.60172
1193,0005ca63e329,41.1683383,-8.6017333
1194,0005ca63e329,41.1683083,-8.6018083
1195,0005ca63e329,41.16828,-8.6019066
1196,0005ca63e329,41.1682666,-8.6019233
1197,0005ca63e329,41.168255,-8.6020233
1198,0005ca63e329,41.1683183,-8.6021816
1199,0005ca63e329,41.168345,-8.6022333
1200,0005ca63e329,41.168445,-8.6015516
1201,0005ca63e329,41.1683544,-8.6018496
1202,0005ca63e329,41.1683602,-8.6018803
1203,0005ca63e329,41.1684483,-8.6018566
1204,0005ca63e329,41.1683516,-8.60215
1205,0005ca63e329,41.168535,-8.6016266
1206,0005ca63e329,41.16849,-8.601735
1207,0005ca63e5b9,41.1628811,-8.593841
1208,0005ca63e5b9,41.1630102,-8.5937416
1209,0005ca63e5b9,41.1630314,-8.593746
1210,0005ca63e5b9,41.1630445,-8.5937388
1211,0005ca63e5b9,41.1630119,-8.5937498
1212,0005ca63e5b9,41.162966,-8.5937538
1213,0005ca63e5b9,41.1629876,-8.5937507
1214,0005ca63e5b9,41.1630094,-8.5938685
1215,0005ca63e5b9,41.163005,-8.5938604
1216,0005ca63e5b9,41.1629773,-8.5940125
1217,0005ca63e5b9,41.1630056,-8.5939762
1218,0005ca63e5b9,41.1631019,-8.5937297
1219,0005ca63e5b9,41.1630915,-8.5937299
1220,0005ca63e5b9,41.1630582,-8.5937394
1221,0005ca63e5b9,41.1631151,-8.5937257
1222,0005ca63e5b9,41.1631388,-8.5937185
1223,0005ca63e5b9,41.1631373,-8.5939131
1224,0005ca63e5b9,41.1631373,-8.5939131
1225,0005ca63e5b9,41.1630749,-8.5938587
1226,0005ca63e5b9,41.1632473,-8.5937106
1227,0005ca63e5b9,41.1632373,-8.5937073
1228,0005ca63e5b9,41.1631974,-8.5937102
1229,0005ca63e5b9,41.1631783,-8.5937001
1230,0005ca63e5b9,41.1632119,-8.5937045
1231,0005ca63e5b9,41.1632129,-8.5937449
1232,0005ca63e5b9,41.1631515,-8.5937123
1233,0005ca63e5b9,41.1632496,-8.5937111
1234,0005ca63e5b9,41.1631634,-8.5937063
1235,0005ca63e5b9,41.1631527,-8.5937557
1236,0005ca63e5b9,41.1631595,-8.5940345
1237,0005ca63e5b9,41.1633141,-8.5936855
1238,0005ca63e5b9,41.1633466,-8.5936663
1239,0005ca63e5b9,41.1633431,-8.5936807
1240,0005ca63e5b9,41.1633317,-8.59369
1241,0005ca63e5b9,41.1632972,-8.5936978
1242,0005ca63e5b9,41.1632855,-8.5937008
1243,0005ca63e5b9,41.1634248,-8.5936365
1244,0005ca63e5b9,41.1633644,-8.5936499
1245,0005ca63e5b9,41.1633896,-8.593645
1246,0005ca63e5b9,41.1634325,-8.593625
1247,0005ca63e5b9,41.1634171,-8.5936267
1248,0005ca63e5b9,41.1633625,-8.5936694
1249,0005ca63e5b9,41.1633523,-8.5936606
1250,0005ca63e5b9,41.1635309,-8.5936008
1251,0005ca63e5b9,41.1635032,-8.5936241
1252,0005ca63e5b9,41.1634528,-8.5936297
1253,0005ca63e5b9,41.1634949,-8.5936216
1254,0005ca63e5b9,41.1634843,-8.5936323
1255,0005ca63e5b9,41.1634578,-8.5936785
1256,0005ca63e849,41.1662107,-8.5896744
1257,0005ca63e849,41.1662149,-8.5897512
1258,0005ca63e849,41.1662489,-8.5899798
1259,0005ca63e849,41.166275,-8.5897833
1260,0005ca63e849,41.16627,-8.589843
1261,0005ca63e849,41.1662507,-8.589886
1262,0005ca63e849,41.1663497,-8.590138
1263,0005ca63e849,41.1663061,-8.590062
1264,0005ca63e849,41.1662616,-8.5902833
1265,0005ca63e849,41.1663216,-8.59033
1266,0005ca63e849,41.1664363,-8.5902322
1267,0005ca63e849,41.1663533,-8.5903166
1268,0005ca63e849,41.1664633,-8.5902916
1269,0005ca63e849,41.1664888,-8.5904073
1270,0005ca63e849,41.1664533,-8.590362
1271,0005ca63f129,41.1611497,-8.5919619
1272,0005ca63f129,41.1611495,-8.5919623
1273,0005ca63f129,41.1611466,-8.59202
1274,0005ca63f129,41.1612008,-8.5918456
1275,0005ca63f129,41.1612454,-8.5918951
1276,0005ca63f129,41.1612248,-8.5919251
1277,0005ca63f129,41.1611551,-8.5919584
1278,0005ca63f129,41.1611633,-8.5919793
1279,0005ca63f129,41.1611588,-8.5919627
1280,0005ca63f129,41.1612343,-8.5919823
1281,0005ca63f129,41.161195,-8.5920416
1282,0005ca63f129,41.1612049,-8.5919984
1283,0005ca63f129,41.1612017,-8.5921367
1284,0005ca63f129,41.1612983,-8.5917616
1285,0005ca63f129,41.1612625,-8.5919041
1286,0005ca63f129,41.1612872,-8.591882
1287,0005ca63f129,41.16131,-8.591955
1288,0005ca63f129,41.16143,-8.591865
1289,0005ca63f129,41.1613583,-8.5919333
1290,0005ca63f129,41.161426,-8.5919578
1291,0005ca63f129,41.161445,-8.5919967
1292,0005ca63f129,41.1614277,-8.5919834
1293,0005ca63f129,41.16146,-8.59163
1294,0005ca63f129,41.1615383,-8.5915633
1295,0005ca63f129,41.1614868,-8.5916005
1296,0005ca63f129,41.1615433,-8.5918133
1297,0005ca63f129,41.1617013,-8.5917282
1298,0005ca63f299,41.1701915,-8.595807
1299,0005ca63f299,41.1701964,-8.5958398
1300,0005ca63f299,41.1703638,-8.5957222
1301,0005ca63f299,41.1703883,-8.5957683
1302,0005ca63f299,41.1705384,-8.5956181
1303,0005ca63f299,41.1705083,-8.5956716
1304,0005ca63f299,41.1704692,-8.595694
1305,0005ca63f299,41.1705916,-8.5955966
1306,0005ca63f299,41.1705682,-8.5955974
1307,0005ca63f299,41.1705738,-8.5956731
1308,0005ca63f299,41.1707183,-8.5954966
1309,0005ca63f299,41.1707649,-8.59543
1310,0005ca63f9f9,41.1600416,-8.5951816
1311,0005ca63f9f9,41.1600399,-8.5951816
1312,0005ca63f9f9,41.1601433,-8.594985
1313,0005ca63f9f9,41.160105,-8.5950783
1314,0005ca63fe79,41.1660116,-8.594748
1315,0005ca63fe79,41.1660034,-8.5947324
1316,0005ca63fe79,41.1659835,-8.5947138
1317,0005ca63fe79,41.1659547,-8.5947091
1318,0005ca63fe79,41.1660078,-8.5947397
1319,0005ca63fe79,41.1660023,-8.5947326
1320,0005ca63fe79,41.165975,-8.5947108
1321,0005ca63fe79,41.1660018,-8.5947302
1322,0005ca63fe79,41.1660041,-8.5947395
1323,0005ca63fe79,41.1659713,-8.594784
1324,0005ca63fe79,41.1659754,-8.594781
1325,0005ca63fe79,41.1659745,-8.5947809
1326,0005ca63fe79,41.1660216,-8.5947637
1327,0005ca63fe79,41.1659716,-8.5947881
1328,0005ca640359,41.1670575,-8.6202648
1329,0005ca640359,41.167125,-8.6203083
1330,0005ca640359,41.1671205,-8.6202597
1331,0005ca640359,41.1670841,-8.6202655
1332,0005ca640359,41.1672116,-8.6202399
1333,0005ca640359,41.1672182,-8.6202601
1334,0005ca640359,41.1671867,-8.6203913
1335,0005ca640359,41.1672039,-8.6203947
1336,0005ca640359,41.1672278,-8.6203678
1337,0005ca640359,41.1673455,-8.6201352
1338,0005ca640359,41.1673242,-8.6201503
1339,0005ca640359,41.1672589,-8.6203346
1340,0005ca640359,41.1673229,-8.6202877
1341,0005ca640359,41.1673165,-8.6203203
1342,0005ca640359,41.16728,-8.6202883
1343,0005ca640359,41.167309,-8.6203228
1344,0005ca640359,41.1672552,-8.6203173
1345,0005ca640359,41.1673396,-8.6202508
1346,0005ca640359,41.1673296,-8.6202846
1347,0005ca640359,41.1672856,-8.6203386
1348,0005ca640359,41.1673801,-8.6201151
1349,0005ca640359,41.167389,-8.6201057
1350,0005ca640359,41.1674051,-8.6201052
1351,0005ca640359,41.1674477,-8.6201043
1352,0005ca640359,41.1673766,-8.6202279
1353,0005ca640359,41.1673966,-8.6202466
1354,0005ca640359,41.1674315,-8.6202368
1355,0005ca640359,41.1673604,-8.6202704
1356,0005ca640359,41.167392,-8.6203067
1357,0005ca640359,41.1673996,-8.6203377
1358,0005ca640359,41.1674956,-8.6200711
1359,0005ca640359,41.1674644,-8.6200886
1360,0005ca640359,41.1674591,-8.6202288
1361,0005ca640359,41.1675007,-8.6202244
1362,0005ca640359,41.1674705,-8.6201561
1363,0005ca640359,41.1675886,-8.6200263
1364,0005ca640359,41.1676466,-8.620105
1365,0005ca640359,41.1676099,-8.6201833
1366,0005ca640359,41.1676466,-8.6202316
1367,0005ca640359,41.1675965,-8.6202989
1368,0005ca640359,41.1675756,-8.6203889
1369,0005ca640359,41.1676116,-8.6205233
1370,0005ca640a89,41.16616,-8.612525
1371,0005ca640a89,41.16621,-8.6128683
1372,0005ca640a89,41.1663451,-8.6128106
1373,0005ca640a89,41.1664207,-8.6123433
1374,0005ca640a89,41.1663791,-8.6124357
1375,0005ca640a89,41.16643,-8.61252
1376,0005ca640a89,41.16642,-8.61247
1377,0005ca640a89,41.1663626,-8.6124579
1378,0005ca640a89,41.16645,-8.6125333
1379,0005ca640a89,41.16645,-8.6125675
1380,0005ca640a89,41.166437,-8.6125899
1381,0005ca640a89,41.1663792,-8.6125683
1382,0005ca640a89,41.1663968,-8.6126285
1383,0005ca640a89,41.1664316,-8.612595
1384,0005ca640a89,41.1664454,-8.6125721
1385,0005ca640a89,41.1663799,-8.6126283
1386,0005ca640a89,41.1664079,-8.6125911
1387,0005ca640a89,41.1664155,-8.6126215
1388,0005ca640a89,41.1664261,-8.6126445
1389,0005ca640a89,41.1664033,-8.6126225
1390,0005ca640a89,41.166394,-8.6127302
1391,0005ca640a89,41.166416,-8.6127241
1392,0005ca640a89,41.1664168,-8.6126898
1393,0005ca640a89,41.1663917,-8.6127068
1394,0005ca640a89,41.1664433,-8.6126993
1395,0005ca640a89,41.166402,-8.6127217
1396,0005ca640a89,41.1664008,-8.6126989
1397,0005ca640a89,41.1664366,-8.6127266
1398,0005ca640a89,41.1664197,-8.6126647
1399,0005ca640a89,41.1664383,-8.6127886
1400,0005ca640a89,41.1664083,-8.6127516
1401,0005ca640a89,41.1664204,-8.612967
1402,0005ca640a89,41.1664628,-8.6122698
1403,0005ca640a89,41.1664848,-8.61238
1404,0005ca640a89,41.1664537,-8.6125053
1405,0005ca640a89,41.1664688,-8.6124701
1406,0005ca640a89,41.16649,-8.61249
1407,0005ca640a89,41.1664503,-8.6125145
1408,0005ca640a89,41.1664985,-8.612519
1409,0005ca640a89,41.1664514,-8.6125104
1410,0005ca640a89,41.16646,-8.6125283
1411,0005ca640a89,41.1665024,-8.6124855
1412,0005ca640a89,41.1664604,-8.6125313
1413,0005ca640a89,41.1664518,-8.6125131
1414,0005ca640a89,41.166517,-8.6125851
1415,0005ca640a89,41.1664585,-8.6126354
1416,0005ca640a89,41.1665022,-8.612584
1417,0005ca640a89,41.1664559,-8.6126149
1418,0005ca640a89,41.166474,-8.6126491
1419,0005ca640a89,41.1664674,-8.6126336
1420,0005ca640a89,41.1664653,-8.6126293
1421,0005ca640a89,41.1665266,-8.6126005
1422,0005ca640a89,41.1664975,-8.6125827
1423,0005ca640a89,41.1664939,-8.6125843
1424,0005ca640a89,41.166511,-8.612623
1425,0005ca640a89,41.1664962,-8.612626
1426,0005ca640a89,41.1664962,-8.6125866
1427,0005ca640a89,41.166523,-8.6126223
1428,0005ca640a89,41.1665042,-8.6125872
1429,0005ca640a89,41.1665222,-8.6126235
1430,0005ca640a89,41.166523,-8.6126211
1431,0005ca640a89,41.1664592,-8.6126284
1432,0005ca640a89,41.1665,-8.6125876
1433,0005ca640a89,41.1664538,-8.6125565
1434,0005ca640a89,41.1664836,-8.6126124
1435,0005ca640a89,41.1664791,-8.6125783
1436,0005ca640a89,41.166528,-8.6126344
1437,0005ca640a89,41.1664866,-8.6126005
1438,0005ca640a89,41.1664789,-8.6126112
1439,0005ca640a89,41.1665213,-8.6126486
1440,0005ca640a89,41.1665277,-8.6126245
1441,0005ca640a89,41.16651,-8.6126566
1442,0005ca640a89,41.1664994,-8.6126994
1443,0005ca640a89,41.1664761,-8.6126742
1444,0005ca640a89,41.1664753,-8.6127176
1445,0005ca640a89,41.1664995,-8.6127098
1446,0005ca640a89,41.166549,-8.6127179
1447,0005ca640a89,41.166535,-8.6127133
1448,0005ca640a89,41.1665146,-8.6127428
1449,0005ca640a89,41.1664749,-8.612676
1450,0005ca640a89,41.1665328,-8.6127103
1451,0005ca640a89,41.1664792,-8.6126732
1452,0005ca640a89,41.1665383,-8.61274
1453,0005ca640a89,41.1664749,-8.612676
1454,0005ca640a89,41.1665281,-8.6127866
1455,0005ca640a89,41.1664664,-8.6128447
1456,0005ca640a89,41.1665323,-8.612754
1457,0005ca640a89,41.1665215,-8.6127808
1458,0005ca640a89,41.1664552,-8.6128155
1459,0005ca640a89,41.1664966,-8.6127533
1460,0005ca640a89,41.1664567,-8.6129085
1461,0005ca640a89,41.1665232,-8.6129997
1462,0005ca640a89,41.1665167,-8.6130094
1463,0005ca640a89,41.1664659,-8.6130279
1464,0005ca640a89,41.1666011,-8.6124386
1465,0005ca640a89,41.1665892,-8.6125125
1466,0005ca640a89,41.1665543,-8.6126282
1467,0005ca640a89,41.166602,-8.6125887
1468,0005ca640a89,41.1665503,-8.6126427
1469,0005ca640a89,41.1665841,-8.6127025
1470,0005ca640a89,41.16657,-8.61268
1471,0005ca640a89,41.1666304,-8.6127405
1472,0005ca640a89,41.1665716,-8.61271
1473,0005ca640a89,41.1665896,-8.6127114
1474,0005ca640a89,41.1665881,-8.6127357
1475,0005ca640a89,41.1665578,-8.6128442
1476,0005ca640a89,41.16655,-8.6128166
1477,0005ca640a89,41.1665564,-8.6128487
1478,0005ca640a89,41.1665633,-8.6127933
1479,0005ca640a89,41.1665787,-8.612846
1480,0005ca640a89,41.16655,-8.6129083
1481,0005ca640a89,41.1665697,-8.6129473
1482,0005ca640a89,41.1665915,-8.6128602
1483,0005ca640a89,41.1665743,-8.6130293
1484,0005ca640a89,41.166575,-8.6130073
1485,0005ca640a89,41.1665804,-8.6130008
1486,0005ca640a89,41.1665955,-8.6131336
1487,0005ca640a89,41.1665652,-8.6130726
1488,0005ca640a89,41.1666069,-8.6131452
1489,0005ca640a89,41.1667133,-8.6126916
1490,0005ca640a89,41.1667383,-8.6128316
1491,0005ca640a89,41.1666736,-8.6128992
1492,0005ca640a89,41.1666516,-8.6129021
1493,0005ca640a89,41.1666887,-8.6128842
1494,0005ca640a89,41.1666625,-8.6128753
1495,0005ca640a89,41.1666696,-8.6129708
1496,0005ca640a89,41.1666524,-8.6130398
1497,0005ca640a89,41.1668174,-8.6127038
1498,0005ca640a89,41.1668213,-8.6126633
1499,0005ca640a89,41.1667641,-8.6128356
1500,0005ca640aa9,41.1554055,-8.6273598
1501,0005ca640aa9,41.1554823,-8.6276537
1502,0005ca640aa9,41.1555467,-8.6277065
1503,0005ca640aa9,41.1555447,-8.6277701
1504,0005ca640aa9,41.1555239,-8.6277995
1505,0005ca640aa9,41.1554902,-8.6278058
1506,0005ca640aa9,41.1554974,-8.627774
1507,0005ca640aa9,41.1555255,-8.6277551
1508,0005ca640aa9,41.1555362,-8.6277901
1509,0005ca640aa9,41.1555244,-8.6278377
1510,0005ca640aa9,41.15546,-8.6279477
1511,0005ca640aa9,41.1555374,-8.6279399
1512,0005ca640aa9,41.1554916,-8.6279479
1513,0005ca640aa9,41.1554806,-8.6279076
1514,0005ca640aa9,41.1555255,-8.6278762
1515,0005ca640aa9,41.1555783,-8.6274459
1516,0005ca640aa9,41.1555863,-8.6274415
1517,0005ca640aa9,41.1556334,-8.6275352
1518,0005ca640aa9,41.155636,-8.6274585
1519,0005ca640aa9,41.1556137,-8.6275795
1520,0005ca640aa9,41.1556197,-8.6275995
1521,0005ca640aa9,41.1556424,-8.6276409
1522,0005ca640aa9,41.155618,-8.6275969
1523,0005ca640aa9,41.1555678,-8.6275801
1524,0005ca640aa9,41.155641,-8.6276059
1525,0005ca640aa9,41.1555724,-8.6276738
1526,0005ca640aa9,41.1556072,-8.6276566
1527,0005ca640aa9,41.155583,-8.6276913
1528,0005ca640aa9,41.1555788,-8.627731
1529,0005ca640aa9,41.1556361,-8.6277065
1530,0005ca640aa9,41.1555683,-8.6277332
1531,0005ca640aa9,41.1556097,-8.6276993
1532,0005ca640aa9,41.1555645,-8.6277668
1533,0005ca640aa9,41.1556243,-8.6277532
1534,0005ca640aa9,41.1555588,-8.6277899
1535,0005ca640aa9,41.1555786,-8.6278136
1536,0005ca640aa9,41.1556279,-8.6277695
1537,0005ca640aa9,41.1555678,-8.6277553
1538,0005ca640aa9,41.1555849,-8.6278464
1539,0005ca640aa9,41.1555723,-8.6277763
1540,0005ca640aa9,41.1556355,-8.6278094
1541,0005ca640aa9,41.1555996,-8.6279373
1542,0005ca640aa9,41.1555761,-8.6279938
1543,0005ca640aa9,41.1555771,-8.6280708
1544,0005ca640aa9,41.1556456,-8.6280789
1545,0005ca640aa9,41.1555821,-8.6280977
1546,0005ca640aa9,41.1556276,-8.6280771
1547,0005ca640aa9,41.1556811,-8.6272985
1548,0005ca640aa9,41.1556832,-8.6272995
1549,0005ca640aa9,41.1556515,-8.6273579
1550,0005ca640aa9,41.155671,-8.6274867
1551,0005ca640aa9,41.1557428,-8.627632
1552,0005ca640aa9,41.1557016,-8.6276398
1553,0005ca640aa9,41.1557387,-8.6275746
1554,0005ca640aa9,41.1557354,-8.6277177
1555,0005ca640aa9,41.1556772,-8.6276644
1556,0005ca640aa9,41.155734,-8.6277029
1557,0005ca640aa9,41.1557036,-8.6276839
1558,0005ca640aa9,41.1556684,-8.6277462
1559,0005ca640aa9,41.1556976,-8.6277181
1560,0005ca640aa9,41.1556845,-8.6278439
1561,0005ca640aa9,41.1557304,-8.6277673
1562,0005ca640aa9,41.1557188,-8.6278653
1563,0005ca640aa9,41.1558206,-8.6273815
1564,0005ca640aa9,41.1557847,-8.6275748
1565,0005ca640aa9,41.1557604,-8.6277325
1566,0005ca640aa9,41.1557688,-8.6277476
1567,0005ca640aa9,41.155779,-8.6277143
1568,0005ca640aa9,41.1558226,-8.6277525
1569,0005ca640aa9,41.1558267,-8.6277746
1570,0005ca640aa9,41.155802,-8.6278281
1571,0005ca640aa9,41.1557579,-8.6279578
1572,0005ca640aa9,41.1559095,-8.6278336
1573,0005ca640aa9,41.1558712,-8.6278678
1574,0005ca640c69,41.1564325,-8.6165105
1575,0005ca640c69,41.1563504,-8.6164933
1576,0005ca640c69,41.1563951,-8.6166341
1577,0005ca640c69,41.156419,-8.6166103
1578,0005ca640c69,41.1564288,-8.6165953
1579,0005ca640c69,41.1564387,-8.6165794
1580,0005ca640c69,41.1564072,-8.6166228
1581,0005ca640c69,41.1565061,-8.6165022
1582,0005ca640c69,41.1564842,-8.6165291
1583,0005ca640c69,41.156537,-8.6164675
1584,0005ca640c69,41.1564607,-8.6165467
1585,0005ca640c69,41.1564896,-8.6165168
1586,0005ca640c69,41.1565208,-8.6164848
1587,0005ca640c69,41.1564737,-8.6165311
1588,0005ca640c69,41.1565389,-8.6166323
1589,0005ca640c69,41.1565444,-8.6166483
1590,0005ca640c69,41.1565403,-8.6166629
1591,0005ca640c69,41.1565137,-8.6167028
1592,0005ca640c69,41.1565381,-8.616679
1593,0005ca640c69,41.156495,-8.6167403
1594,0005ca640c69,41.1565386,-8.6166705
1595,0005ca640c69,41.1565281,-8.6166944
1596,0005ca640c69,41.1564931,-8.6167381
1597,0005ca640c69,41.1565061,-8.616726
1598,0005ca640c69,41.1565712,-8.6164322
1599,0005ca640c69,41.1566461,-8.6163961
1600,0005ca640c69,41.156553,-8.6164494
1601,0005ca640c69,41.1566362,-8.6165491
1602,0005ca640c69,41.1566365,-8.6165269
1603,0005ca640c69,41.1566486,-8.6165322
1604,0005ca640c69,41.1566029,-8.6165822
1605,0005ca640c69,41.1565606,-8.6166239
1606,0005ca640c69,41.1565817,-8.616555
1607,0005ca640c69,41.1565726,-8.6166373
1608,0005ca640c69,41.1566105,-8.6165592
1609,0005ca640c69,41.1565703,-8.6166129
1610,0005ca640c69,41.1565739,-8.616627
1611,0005ca640c69,41.1566272,-8.616564
1612,0005ca640c69,41.1566373,-8.6165525
1613,0005ca640c69,41.1565898,-8.6165911
1614,0005ca640c69,41.1566006,-8.616577
1615,0005ca640c69,41.1566138,-8.6165804
1616,0005ca640c69,41.1565925,-8.6166096
1617,0005ca640c69,41.1565842,-8.6166113
1618,0005ca640c69,41.1566258,-8.6165642
1619,0005ca640c69,41.1565613,-8.6166514
1620,0005ca640c69,41.1565524,-8.6166562
1621,0005ca640c69,41.1567042,-8.6163449
1622,0005ca640c69,41.1567283,-8.6163273
1623,0005ca640c69,41.156747,-8.616303
1624,0005ca640c69,41.1567394,-8.616311
1625,0005ca640c69,41.156748,-8.6162683
1626,0005ca640c69,41.1567418,-8.6162848
1627,0005ca640c69,41.1566959,-8.6164393
1628,0005ca640c69,41.1567217,-8.6163509
1629,0005ca640c69,41.1567307,-8.6164378
1630,0005ca640c69,41.1567222,-8.6164486
1631,0005ca640c69,41.1567176,-8.6163996
1632,0005ca640c69,41.1567176,-8.6164397
1633,0005ca640c69,41.1566864,-8.6163908
1634,0005ca640c69,41.1566739,-8.6163938
1635,0005ca640c69,41.1567099,-8.6163925
1636,0005ca640c69,41.1567062,-8.6164079
1637,0005ca640c69,41.1566709,-8.616388
1638,0005ca640c69,41.1566573,-8.6163959
1639,0005ca640c69,41.1567431,-8.6164255
1640,0005ca640c69,41.1566769,-8.6163695
1641,0005ca640c69,41.1567309,-8.6164278
1642,0005ca640c69,41.1567012,-8.616429
1643,0005ca640c69,41.1566679,-8.6164118
1644,0005ca640c69,41.1566844,-8.6164248
1645,0005ca640c69,41.1566776,-8.6164826
1646,0005ca640c69,41.1566999,-8.6164572
1647,0005ca640c69,41.156709,-8.6165046
1648,0005ca640c69,41.1566907,-8.6164678
1649,0005ca640c69,41.1566734,-8.6164996
1650,0005ca640c69,41.1566957,-8.6164636
1651,0005ca640c69,41.1567074,-8.6164958
1652,0005ca640c69,41.1566922,-8.6164805
1653,0005ca640c69,41.1566562,-8.6165272
1654,0005ca640c69,41.1566649,-8.6165146
1655,0005ca640c69,41.1567003,-8.6164762
1656,0005ca640c69,41.156696,-8.6165362
1657,0005ca640c69,41.1566969,-8.6165177
1658,0005ca640c69,41.1566509,-8.6165129
1659,0005ca640c69,41.1567161,-8.6164522
1660,0005ca640c69,41.1566827,-8.6164905
1661,0005ca640c69,41.1566869,-8.6164838
1662,0005ca640c69,41.1567119,-8.6164592
1663,0005ca640c69,41.1566694,-8.6165522
1664,0005ca640c69,41.15666,-8.6165671
1665,0005ca640c69,41.156718,-8.6165517
1666,0005ca640c69,41.156684,-8.6165594
1667,0005ca640c69,41.1566653,-8.6165609
1668,0005ca640c69,41.156798,-8.6161498
1669,0005ca640c69,41.1568173,-8.6161013
1670,0005ca640c69,41.1567863,-8.6161116
1671,0005ca640c69,41.1567792,-8.616093
1672,0005ca640c69,41.1567926,-8.6161341
1673,0005ca640c69,41.1568096,-8.6161267
1674,0005ca640c69,41.1567959,-8.6161463
1675,0005ca640c69,41.1568122,-8.6161397
1676,0005ca640c69,41.1568118,-8.6161073
1677,0005ca640c69,41.1567921,-8.6161271
1678,0005ca640c69,41.1567886,-8.6162445
1679,0005ca640c69,41.156768,-8.6162414
1680,0005ca640c69,41.1567839,-8.616244
1681,0005ca640c69,41.1567838,-8.616213
1682,0005ca640c69,41.1568102,-8.6161648
1683,0005ca640c69,41.1568115,-8.6162345
1684,0005ca640c69,41.1567846,-8.6162165
1685,0005ca640c69,41.1568009,-8.6161701
1686,0005ca640c69,41.1568165,-8.6162204
1687,0005ca640c69,41.1568409,-8.6161869
1688,0005ca640c69,41.1567797,-8.616192
1689,0005ca640c69,41.1568072,-8.6161787
1690,0005ca640c69,41.1568013,-8.6161554
1691,0005ca640c69,41.1567805,-8.616238
1692,0005ca640c69,41.1568004,-8.6161619
1693,0005ca640c69,41.156781,-8.6162358
1694,0005ca640c69,41.1568022,-8.6161552
1695,0005ca640c69,41.1568085,-8.6162515
1696,0005ca640c69,41.1567822,-8.616252
1697,0005ca640c69,41.1568036,-8.6163125
1698,0005ca640c69,41.1567621,-8.6162818
1699,0005ca640c69,41.1567694,-8.616271
1700,0005ca640c69,41.1568187,-8.6162773
1701,0005ca640c69,41.1567975,-8.6162772
1702,0005ca640c69,41.1568096,-8.616255
1703,0005ca640c69,41.1567842,-8.6163446
1704,0005ca640c69,41.1568441,-8.6162582
1705,0005ca640c69,41.1567817,-8.616256
1706,0005ca640c69,41.1567906,-8.616293
1707,0005ca640c69,41.1567902,-8.6163212
1708,0005ca640c69,41.156767,-8.6162728
1709,0005ca640c69,41.1567953,-8.6163496
1710,0005ca640c69,41.1567799,-8.6162538
1711,0005ca640c69,41.1568066,-8.6162938
1712,0005ca640c69,41.1567949,-8.6162921
1713,0005ca640c69,41.1568261,-8.6162566
1714,0005ca640c69,41.1567803,-8.6162541
1715,0005ca640c69,41.1567529,-8.6164145
1716,0005ca640c69,41.1568365,-8.6164264
1717,0005ca640c69,41.1567858,-8.6164134
1718,0005ca640c69,41.1567951,-8.6164031
1719,0005ca640c69,41.1568232,-8.6163873
1720,0005ca640c69,41.1568444,-8.6163969
1721,0005ca640c69,41.1567923,-8.6163675
1722,0005ca640c69,41.1568178,-8.6164026
1723,0005ca640c69,41.1567741,-8.6163961
1724,0005ca640c69,41.1568233,-8.6163926
1725,0005ca640c69,41.1568154,-8.6164302
1726,0005ca640c69,41.1567813,-8.6163547
1727,0005ca640c69,41.1567983,-8.6163934
1728,0005ca640c69,41.1567971,-8.6164051
1729,0005ca640c69,41.1567623,-8.6164187
1730,0005ca640c69,41.1567735,-8.616394
1731,0005ca640c69,41.1567595,-8.6164068
1732,0005ca640c69,41.1567668,-8.6163946
1733,0005ca640c69,41.1568358,-8.6163827
1734,0005ca640c69,41.156777,-8.6163807
1735,0005ca640c69,41.1567863,-8.6164151
1736,0005ca640c69,41.1568476,-8.6163702
1737,0005ca640c69,41.1567736,-8.6164324
1738,0005ca640c69,41.1568152,-8.6164255
1739,0005ca640c69,41.1567946,-8.6163735
1740,0005ca640c69,41.156771,-8.6163931
1741,0005ca640c69,41.1568487,-8.6164596
1742,0005ca640c69,41.1568415,-8.6164721
1743,0005ca640c69,41.1568257,-8.6165044
1744,0005ca640c69,41.1568028,-8.6164763
1745,0005ca640c69,41.1568434,-8.6164693
1746,0005ca640c69,41.1568351,-8.6165875
1747,0005ca640c69,41.1568377,-8.616582
1748,0005ca640c69,41.1568627,-8.6161662
1749,0005ca640c69,41.1568552,-8.616221
1750,0005ca640c69,41.1568636,-8.616181
1751,0005ca640c69,41.1568565,-8.616231
1752,0005ca640c69,41.1568691,-8.6161942
1753,0005ca640c69,41.1568747,-8.6162065
1754,0005ca640c69,41.1568976,-8.6162328
1755,0005ca640c69,41.1568857,-8.6162193
1756,0005ca640c69,41.1569158,-8.616264
1757,0005ca640c69,41.156944,-8.6163429
1758,0005ca640c69,41.1569096,-8.6162747
1759,0005ca640c69,41.15693,-8.6162975
1760,0005ca640c69,41.1568976,-8.6163459
1761,0005ca640c69,41.1568765,-8.6163469
1762,0005ca640c69,41.1569149,-8.6163037
1763,0005ca640c69,41.1568576,-8.6162888
1764,0005ca640c69,41.1568836,-8.6162587
1765,0005ca640c69,41.1568562,-8.6162513
1766,0005ca640c69,41.1568567,-8.6162622
1767,0005ca640c69,41.1569173,-8.6162712
1768,0005ca640c69,41.1569401,-8.6163119
1769,0005ca640c69,41.156869,-8.6163285
1770,0005ca640c69,41.1568683,-8.6162797
1771,0005ca640c69,41.1569196,-8.6163158
1772,0005ca640c69,41.1569334,-8.6163356
1773,0005ca640c69,41.1568503,-8.6163247
1774,0005ca640c69,41.1569121,-8.6162594
1775,0005ca640c69,41.1569179,-8.6164052
1776,0005ca640c69,41.1568659,-8.6163604
1777,0005ca640c69,41.1568586,-8.6163736
1778,0005ca640c69,41.1568645,-8.6163652
1779,0005ca640c69,41.1569035,-8.6163668
1780,0005ca640c69,41.1568697,-8.6163982
1781,0005ca640c69,41.1568626,-8.6164475
1782,0005ca640c69,41.1568753,-8.6163642
1783,0005ca640c69,41.1568569,-8.6164347
1784,0005ca640c69,41.1568524,-8.6164332
1785,0005ca640c69,41.1568503,-8.6164215
1786,0005ca640c69,41.156902,-8.616356
1787,0005ca640c69,41.1568621,-8.6163906
1788,0005ca640c69,41.1568917,-8.6164037
1789,0005ca640c69,41.1569193,-8.6164356
1790,0005ca640c69,41.1568897,-8.6163546
1791,0005ca640c69,41.1569128,-8.6163907
1792,0005ca640c69,41.1569122,-8.6164448
1793,0005ca640c69,41.1568559,-8.6164492
1794,0005ca640c69,41.1568916,-8.6163852
1795,0005ca640c69,41.1568628,-8.6163561
1796,0005ca640c69,41.1568502,-8.6164743
1797,0005ca640c69,41.1568936,-8.6164745
1798,0005ca640c69,41.1568613,-8.616538
1799,0005ca640c69,41.1569072,-8.616547
1800,0005ca640c69,41.156852,-8.616451
1801,0005ca640c69,41.1568614,-8.6164519
1802,0005ca640c69,41.1568593,-8.6165168
1803,0005ca640c69,41.156865,-8.616452
1804,0005ca640c69,41.1569535,-8.6163473
1805,0005ca640c69,41.1569758,-8.6163488
1806,0005ca640c69,41.1569508,-8.6163254
1807,0005ca640c69,41.1569731,-8.6163492
1808,0005ca640c69,41.1569657,-8.6163498
1809,0005ca640c69,41.1569816,-8.6163491
1810,0005ca640c69,41.1569765,-8.6163511
1811,0005ca640e59,41.1487285,-8.5975722
1812,0005ca640e59,41.1487315,-8.5977692
1813,0005ca640e59,41.1487404,-8.5977502
1814,0005ca640e59,41.148851,-8.5975944
1815,0005ca640e59,41.148855,-8.5975956
1816,0005ca640ec9,41.1547753,-8.6178272
1817,0005ca640ec9,41.1548451,-8.6177967
1818,0005ca640ec9,41.154807,-8.6177959
1819,0005ca640ec9,41.1548094,-8.6178341
1820,0005ca640ec9,41.1548051,-8.617798
1821,0005ca640ec9,41.1549969,-8.6176489
1822,0005ca640ec9,41.1549928,-8.6176186
1823,0005ca640ec9,41.1549998,-8.6176294
1824,0005ca640ec9,41.1550487,-8.6177063
1825,0005ca640ec9,41.1550397,-8.6176849
1826,0005ca640ec9,41.1550377,-8.6176565
1827,0005ca640ec9,41.1549859,-8.6177469
1828,0005ca640ec9,41.1549893,-8.6176585
1829,0005ca640ec9,41.1549956,-8.6176634
1830,0005ca640ec9,41.1550395,-8.6176507
1831,0005ca640ec9,41.154988,-8.6176989
1832,0005ca640ec9,41.1550452,-8.6176963
1833,0005ca640ec9,41.1550407,-8.6176629
1834,0005ca640ec9,41.1550072,-8.6176566
1835,0005ca640ec9,41.1550415,-8.6176507
1836,0005ca640ec9,41.15504,-8.6176683
1837,0005ca640ec9,41.1549843,-8.617719
1838,0005ca640ec9,41.1550357,-8.6176722
1839,0005ca640ec9,41.1550458,-8.6177009
1840,0005ca640ec9,41.1550405,-8.6176533
1841,0005ca640ec9,41.1550477,-8.617671
1842,0005ca640ec9,41.1549921,-8.6177989
1843,0005ca640ec9,41.1550242,-8.6178485
1844,0005ca640ec9,41.1550088,-8.6178885
1845,0005ca640ec9,41.1550058,-8.6179075
1846,0005ca640ec9,41.1550156,-8.6179394
1847,0005ca640ec9,41.1550187,-8.6178993
1848,0005ca640ec9,41.1550145,-8.6179438
1849,0005ca640ec9,41.1549907,-8.617937
1850,0005ca640ec9,41.1550327,-8.6179482
1851,0005ca640ec9,41.1549736,-8.6179389
1852,0005ca640ec9,41.1550378,-8.618006
1853,0005ca640ec9,41.1550029,-8.6179776
1854,0005ca640ec9,41.1550042,-8.6179802
1855,0005ca640ec9,41.1550004,-8.6179663
1856,0005ca640ec9,41.1550068,-8.6179988
1857,0005ca640ec9,41.1550002,-8.6179684
1858,0005ca640ec9,41.155005,-8.6179879
1859,0005ca640ec9,41.1550015,-8.6179676
1860,0005ca640ec9,41.1550032,-8.6179788
1861,0005ca640ec9,41.1550245,-8.6179772
1862,0005ca640ec9,41.155003,-8.6179788
1863,0005ca640ec9,41.1550101,-8.6179502
1864,0005ca640ec9,41.1550037,-8.6179851
1865,0005ca640ec9,41.155003,-8.6179795
1866,0005ca640ec9,41.1550025,-8.6179739
1867,0005ca640ec9,41.1550062,-8.6179908
1868,0005ca640ec9,41.1550008,-8.617967
1869,0005ca640ec9,41.1550051,-8.6179901
1870,0005ca640ec9,41.1549909,-8.6179501
1871,0005ca640ec9,41.1550078,-8.6180041
1872,0005ca640ec9,41.1549979,-8.6179644
1873,0005ca640ec9,41.1550202,-8.6179605
1874,0005ca640ec9,41.1550314,-8.6179918
1875,0005ca640ec9,41.1549995,-8.6179726
1876,0005ca640ec9,41.1550052,-8.6179914
1877,0005ca640ec9,41.1550038,-8.6179861
1878,0005ca640ec9,41.155003,-8.6179761
1879,0005ca640ec9,41.1550045,-8.6179802
1880,0005ca640ec9,41.1550066,-8.6179964
1881,0005ca640ec9,41.1550056,-8.6179931
1882,0005ca640ec9,41.155028,-8.6181138
1883,0005ca640ec9,41.1550263,-8.6181125
1884,0005ca640ec9,41.1550264,-8.6181124
1885,0005ca640ec9,41.1550262,-8.6181123
1886,0005ca640ec9,41.1550262,-8.6181123
1887,0005ca640ec9,41.1550281,-8.6181137
1888,0005ca640ec9,41.1550261,-8.6181123
1889,0005ca640ec9,41.155016,-8.6180776
1890,0005ca640ec9,41.1550274,-8.6181129
1891,0005ca640ec9,41.1550274,-8.6181128
1892,0005ca640ec9,41.1550269,-8.6181166
1893,0005ca640ec9,41.1550256,-8.618128
1894,0005ca640ec9,41.1550262,-8.6181124
1895,0005ca640ec9,41.1550276,-8.618113
1896,0005ca640ec9,41.155027,-8.6181126
1897,0005ca640ec9,41.1550266,-8.6181124
1898,0005ca640ec9,41.1550281,-8.6181136
1899,0005ca640ec9,41.1550263,-8.6181121
1900,0005ca640ec9,41.1550361,-8.6181172
1901,0005ca640ec9,41.155027,-8.6181127
1902,0005ca640ec9,41.1550265,-8.6181125
1903,0005ca640ec9,41.1550268,-8.6181142
1904,0005ca640ec9,41.1550263,-8.6181125
1905,0005ca640ec9,41.1550277,-8.6181132
1906,0005ca640ec9,41.1550268,-8.6181124
1907,0005ca640ec9,41.1550277,-8.618113
1908,0005ca640ec9,41.1550267,-8.6181144
1909,0005ca640ec9,41.1550267,-8.6181168
1910,0005ca640ec9,41.1550269,-8.6181125
1911,0005ca640ec9,41.1550151,-8.6180711
1912,0005ca640ec9,41.1550275,-8.6181128
1913,0005ca640ec9,41.1550266,-8.6181148
1914,0005ca640ec9,41.1550262,-8.6181122
1915,0005ca640ec9,41.1550267,-8.6181123
1916,0005ca640ec9,41.1550262,-8.6181121
1917,0005ca640ec9,41.1550279,-8.6181136
1918,0005ca640ec9,41.1550177,-8.6181111
1919,0005ca640ec9,41.1550265,-8.6181122
1920,0005ca640ec9,41.1550273,-8.6181128
1921,0005ca640ec9,41.1550277,-8.61812
1922,0005ca640ec9,41.1550267,-8.6181144
1923,0005ca640ec9,41.1550272,-8.6181127
1924,0005ca640ec9,41.1550269,-8.6181127
1925,0005ca640ec9,41.1550274,-8.6181126
1926,0005ca640ec9,41.1550269,-8.6181144
1927,0005ca640ec9,41.1550156,-8.6180723
1928,0005ca640ec9,41.1550207,-8.618118
1929,0005ca640ec9,41.1550271,-8.6181126
1930,0005ca640ec9,41.1550277,-8.618113
1931,0005ca640ec9,41.1550269,-8.6181144
1932,0005ca640ec9,41.1550265,-8.6181128
1933,0005ca640ec9,41.155016,-8.6180922
1934,0005ca640ec9,41.1550279,-8.6181135
1935,0005ca640ec9,41.1550268,-8.6181124
1936,0005ca640ec9,41.1550274,-8.6181128
1937,0005ca640ec9,41.1550266,-8.6181123
1938,0005ca640ec9,41.1550269,-8.6181127
1939,0005ca640ec9,41.1550262,-8.6181121
1940,0005ca640ec9,41.1550207,-8.6181217
1941,0005ca640ec9,41.1550144,-8.6181457
1942,0005ca640ec9,41.1550261,-8.6181122
1943,0005ca640ec9,41.1550265,-8.6181127
1944,0005ca640ec9,41.1550273,-8.6181129
1945,0005ca640ec9,41.1550278,-8.6181133
1946,0005ca640ec9,41.1550279,-8.6181136
1947,0005ca640ec9,41.1550266,-8.6181146
1948,0005ca640ec9,41.155028,-8.6181136
1949,0005ca640ec9,41.1550269,-8.6181128
1950,0005ca640ec9,41.155027,-8.6181125
1951,0005ca640ec9,41.1550465,-8.6182205
1952,0005ca640ec9,41.1550498,-8.61822
1953,0005ca640ec9,41.1550498,-8.61822
1954,0005ca640ec9,41.1550489,-8.6182182
1955,0005ca640ec9,41.1550453,-8.6182195
1956,0005ca640ec9,41.1550496,-8.6182197
1957,0005ca640ec9,41.1550489,-8.6182204
1958,0005ca640ec9,41.1550491,-8.6182189
1959,0005ca640ec9,41.1550473,-8.6182207
1960,0005ca640ec9,41.1550462,-8.6182343
1961,0005ca640ec9,41.1550452,-8.6182193
1962,0005ca640ec9,41.1550493,-8.6182192
1963,0005ca640ec9,41.1550496,-8.6182201
1964,0005ca640ec9,41.1550255,-8.6182366
1965,0005ca640ec9,41.1550493,-8.6182203
1966,0005ca640ec9,41.1550446,-8.6182191
1967,0005ca640ec9,41.1550488,-8.61822
1968,0005ca640ec9,41.1550497,-8.6182199
1969,0005ca640ec9,41.1550442,-8.6182184
1970,0005ca640ec9,41.1550449,-8.6182191
1971,0005ca640ec9,41.1550492,-8.6182194
1972,0005ca640ec9,41.1550445,-8.6182192
1973,0005ca640ec9,41.1550491,-8.6182205
1974,0005ca640ec9,41.1550492,-8.6182192
1975,0005ca640ec9,41.1550452,-8.618219
1976,0005ca640ec9,41.1550486,-8.6182205
1977,0005ca640ec9,41.1550485,-8.6182058
1978,0005ca640ec9,41.1550488,-8.6182168
1979,0005ca640ec9,41.1550499,-8.61822
1980,0005ca640ec9,41.1550308,-8.6182197
1981,0005ca640ec9,41.1550471,-8.6182201
1982,0005ca640ec9,41.1550492,-8.6182182
1983,0005ca640ec9,41.1550487,-8.6182172
1984,0005ca640ec9,41.1550449,-8.6182191
1985,0005ca640ec9,41.1550489,-8.6182199
1986,0005ca640ec9,41.1550452,-8.6182195
1987,0005ca640ec9,41.1550458,-8.6182197
1988,0005ca640ec9,41.1550492,-8.6182184
1989,0005ca640ec9,41.1550465,-8.6182203
1990,0005ca640ec9,41.1550491,-8.618219
1991,0005ca640ec9,41.1550487,-8.6182165
1992,0005ca640ec9,41.1550484,-8.618214
1993,0005ca640ec9,41.1550423,-8.6182158
1994,0005ca640ec9,41.155049,-8.6182179
1995,0005ca640ec9,41.1550298,-8.6182221
1996,0005ca640ec9,41.1550486,-8.6182155
1997,0005ca640ec9,41.1550492,-8.61822
1998,0005ca640ec9,41.1550488,-8.6182103
1999,0005ca640ec9,41.1550496,-8.6182198
2000,0005ca640ec9,41.155047,-8.6182191
