,lat,lon,trip_id
1,41.1689633,-8.6491733,318185
2,41.1689266,-8.6492883,318185
3,41.1689983,-8.6492083,318185
4,41.16898,-8.6492216,318185
5,41.1689949,-8.6492283,318185
6,41.1689416,-8.6491516,318185
7,41.1689816,-8.64923,318185
8,41.1689716,-8.6491849,318185
9,41.1689566,-8.6491733,318185
10,41.16898,-8.6492216,318185
11,41.168945,-8.6491466,318185
12,41.1689616,-8.6491233,318185
13,41.1689483,-8.6491283,318185
14,41.1689466,-8.6491566,318185
15,41.1689983,-8.6492083,318185
16,41.1689866,-8.6492166,318185
17,41.1689883,-8.64923,318185
18,41.169,-8.6492066,318185
19,41.1689666,-8.649245,318185
20,41.1689216,-8.6493749,318185
21,41.1689566,-8.6491616,318185
22,41.16896,-8.649315,318185
23,41.1689483,-8.6491283,318185
24,41.1689433,-8.6491483,318185
25,41.1689649,-8.6491933,318185
26,41.1689583,-8.649115,318185
27,41.1689983,-8.6492083,318185
28,41.1689266,-8.6492883,318185
29,41.16898,-8.6492216,318185
30,41.16898,-8.649225,318185
31,41.1689,-8.6493233,318185
32,41.1690116,-8.6492016,318185
33,41.1689916,-8.6492066,318185
34,41.1689666,-8.6491516,318185
35,41.1689049,-8.649315,318185
36,41.168945,-8.6491416,318185
37,41.168925,-8.6493733,318185
38,41.1689633,-8.6491883,318185
39,41.16898,-8.6492266,318185
40,41.1690033,-8.6492133,318185
41,41.1689266,-8.6492883,318185
42,41.168975,-8.6492,318185
43,41.1689566,-8.6491616,318185
44,41.1689466,-8.6493166,318185
45,41.1689416,-8.6491466,318185
46,41.1689466,-8.6493166,318185
47,41.168945,-8.6493116,318185
48,41.1689483,-8.64917,318185
49,41.1689666,-8.6491516,318185
50,41.1689433,-8.6491683,318185
51,41.1690033,-8.6492133,318185
52,41.1689416,-8.6491666,318185
53,41.1689883,-8.6492183,318185
54,41.1689466,-8.6493133,318185
55,41.1689266,-8.6492883,318185
56,41.1689466,-8.6493166,318185
57,41.168955,-8.649145,318185
58,41.1689649,-8.6491766,318185
59,41.1689566,-8.6491616,318185
60,41.1689499,-8.6493283,318185
61,41.1689483,-8.6493316,318185
62,41.1689416,-8.6491566,318185
63,41.1690033,-8.6492133,318185
64,41.168935,-8.6493616,318185
65,41.1689983,-8.6492083,318185
66,41.1689483,-8.6491283,318185
67,41.1690083,-8.6492016,318185
68,41.168945,-8.6493466,318185
69,41.1689983,-8.6492083,318185
70,41.1689499,-8.6491233,318185
71,41.1689633,-8.6491949,318185
72,41.1689466,-8.6493166,318185
73,41.168945,-8.6493166,318185
74,41.1689583,-8.6493233,318185
75,41.1689416,-8.6493116,318185
76,41.1689583,-8.6493233,318185
77,41.168935,-8.6491266,318185
78,41.1689383,-8.6493583,318185
79,41.168945,-8.6493466,318185
80,41.168975,-8.6492033,318185
81,41.168955,-8.649145,318185
82,41.1689333,-8.6493583,318185
83,41.168955,-8.649145,318185
84,41.16897,-8.6491866,318185
85,41.1689633,-8.6492483,318185
86,41.1689833,-8.64922,318185
87,41.168955,-8.649325,318185
88,41.1690033,-8.6491933,318185
89,41.1689583,-8.6493266,318185
90,41.1689366,-8.6493116,318185
91,41.16898,-8.6491716,318185
92,41.168945,-8.6493466,318185
93,41.1689583,-8.6493133,318185
94,41.1689166,-8.6493083,318185
95,41.1690033,-8.6492133,318185
96,41.168945,-8.6493466,318185
97,41.1689433,-8.6491416,318185
98,41.1689216,-8.64928,318185
99,41.168975,-8.6492033,318185
100,41.1689583,-8.6493133,318185
101,41.16898,-8.6491416,318185
102,41.1689883,-8.6491933,318185
103,41.168985,-8.649225,318185
104,41.1689933,-8.6492116,318185
105,41.1689483,-8.6491683,318185
106,41.1689183,-8.6492916,318185
107,41.1689949,-8.6492116,318185
108,41.1689949,-8.64921,318185
109,41.1689616,-8.6491883,318185
110,41.1689116,-8.6493116,318185
111,41.1690166,-8.6491883,318185
112,41.1689116,-8.6492966,318185
113,41.1689566,-8.6491616,318185
114,41.168935,-8.64936,318185
115,41.1690366,-8.64918,318185
116,41.168975,-8.6492033,318185
117,41.1689483,-8.6493283,318185
118,41.1689716,-8.649235,318185
119,41.168935,-8.649135,318185
120,41.1689733,-8.6491949,318185
121,41.1689733,-8.64916,318185
122,41.1689816,-8.6491949,318185
123,41.168955,-8.6493233,318185
124,41.1689566,-8.6491433,318185
125,41.1689499,-8.649335,318185
126,41.1689049,-8.6493133,318185
127,41.1689566,-8.649335,318185
128,41.168935,-8.6492716,318185
129,41.1689266,-8.6492883,318185
130,41.16893,-8.6493433,318185
131,41.1689916,-8.6492116,318185
132,41.1689199,-8.6493083,318185
133,41.1689199,-8.6493083,318185
134,41.1689716,-8.64919,318185
135,41.168975,-8.6492033,318185
136,41.1689533,-8.6492533,318185
137,41.168985,-8.6491433,318185
138,41.1689416,-8.6493566,318185
139,41.1690366,-8.64918,318185
140,41.1689266,-8.6492883,318185
141,41.1690066,-8.6491983,318185
142,41.168935,-8.649355,318185
143,41.1690366,-8.64918,318185
144,41.1689583,-8.6493233,318185
145,41.168975,-8.6491983,318185
146,41.1689199,-8.6493083,318185
147,41.1689316,-8.6493533,318185
148,41.1689583,-8.6493133,318185
149,41.16893,-8.649315,318185
150,41.1689166,-8.6492633,318185
151,41.168955,-8.6493233,318185
152,41.1689266,-8.6493116,318185
153,41.1690066,-8.6491949,318185
154,41.1689716,-8.6492366,318185
155,41.1690366,-8.64918,318185
156,41.1689266,-8.6493083,318185
157,41.1689199,-8.6493083,318185
158,41.1689816,-8.6491833,318185
159,41.1689516,-8.64912,318185
160,41.1690033,-8.6492133,318185
161,41.1689583,-8.6493233,318185
162,41.168955,-8.649115,318185
163,41.1689766,-8.6492216,318185
164,41.1690366,-8.64918,318185
165,41.1689033,-8.649315,318185
166,41.16898,-8.6491399,318185
167,41.1689083,-8.6493,318185
168,41.16899,-8.6491883,318185
169,41.1689566,-8.6493233,318185
170,41.1691216,-8.6496033,318185
171,41.16898,-8.6492216,318185
172,41.16893,-8.649325,318185
173,41.1689199,-8.6493083,318185
174,41.16898,-8.6492216,318185
175,41.1689316,-8.6493316,318185
176,41.1689583,-8.6493233,318185
177,41.1689583,-8.6493133,318185
178,41.1689066,-8.6493666,318185
179,41.16903,-8.6491816,318185
180,41.168985,-8.6491866,318185
181,41.1690066,-8.6491949,318185
182,41.1689957,-8.6492655,318185
183,41.16896,-8.6493316,318185
184,41.1689183,-8.64938,318185
185,41.168975,-8.6492033,318185
186,41.1689499,-8.6491433,318185
187,41.1690266,-8.6491816,318185
188,41.1689583,-8.6493133,318185
189,41.1689583,-8.6493133,318185
190,41.1689649,-8.6491716,318185
191,41.1689516,-8.6493233,318185
192,41.1689033,-8.6493133,318185
193,41.168975,-8.6492033,318185
194,41.1689416,-8.64936,318185
195,41.168955,-8.6493233,318185
196,41.1689366,-8.6493466,318185
197,41.169015,-8.6492016,318185
198,41.16899,-8.6491933,318185
199,41.1689583,-8.6493133,318185
200,41.1689683,-8.6491499,318185
201,41.1689166,-8.6492716,318185
202,41.16898,-8.6492283,318185
203,41.1689066,-8.6493483,318185
204,41.168945,-8.6493466,318185
205,41.1689883,-8.6491583,318185
206,41.1689933,-8.6491933,318185
207,41.1689883,-8.6491916,318185
208,41.168975,-8.6492033,318185
209,41.1689866,-8.649155,318185
210,41.168955,-8.649335,318185
211,41.1690216,-8.6491849,318185
212,41.1689433,-8.6493483,318185
213,41.1689583,-8.6493233,318185
214,41.1689483,-8.6491483,318185
215,41.1689616,-8.6493083,318185
216,41.169045,-8.6493883,318185
217,41.1689983,-8.6492083,318185
218,41.1689833,-8.64919,318185
219,41.168945,-8.6493466,318185
220,41.1689116,-8.649385,318185
221,41.1689816,-8.6491966,318185
222,41.1690233,-8.6492883,318185
223,41.1689683,-8.6492399,318185
224,41.1689833,-8.64923,318185
225,41.1689866,-8.6491499,318185
226,41.168975,-8.6492033,318185
227,41.1689033,-8.6493066,318185
228,41.1689566,-8.64917,318185
229,41.1689583,-8.6493233,318185
230,41.168975,-8.6492033,318185
231,41.1689483,-8.6492666,318185
232,41.1689033,-8.6493366,318185
233,41.16898,-8.6492,318185
234,41.1689566,-8.6493233,318185
235,41.1689499,-8.6493333,318185
236,41.168955,-8.649145,318185
237,41.168915,-8.6492916,318185
238,41.168975,-8.6492033,318185
239,41.168955,-8.6491433,318185
240,41.1689216,-8.64929,318185
241,41.1689649,-8.6491499,318185
242,41.1689983,-8.649215,318185
243,41.1691333,-8.6495733,318185
244,41.1690316,-8.6491866,318185
245,41.1689583,-8.6491499,318185
246,41.16897,-8.6491633,318185
247,41.168975,-8.6492083,318185
248,41.1689016,-8.6493416,318185
249,41.1689616,-8.6491466,318185
250,41.16898,-8.6492233,318185
251,41.1689983,-8.6491883,318185
252,41.1689633,-8.6491983,318185
253,41.1689483,-8.6491566,318185
254,41.1689033,-8.6493283,318185
255,41.1689033,-8.6493166,318185
256,41.168985,-8.6491949,318185
257,41.1690316,-8.64918,318185
258,41.1689666,-8.6491516,318185
259,41.1690183,-8.6492583,318185
260,41.16899,-8.6491866,318185
261,41.1689566,-8.64917,318185
262,41.168955,-8.6491616,318185
263,41.1690366,-8.64918,318185
264,41.1690066,-8.64923,318185
265,41.169035,-8.64918,318185
266,41.168955,-8.6493233,318185
267,41.1690366,-8.64918,318185
268,41.1689933,-8.6491883,318185
269,41.1689533,-8.649145,318185
270,41.1689566,-8.6491616,318185
271,41.1689766,-8.64918,318185
272,41.16898,-8.6491983,318185
273,41.1689566,-8.6491616,318185
274,41.1689766,-8.6492333,318185
275,41.1688733,-8.6492616,318293
276,41.1689883,-8.6492016,318293
277,41.1689866,-8.649205,318293
278,41.169035,-8.64918,318293
279,41.1690416,-8.6491816,318293
280,41.169005,-8.6491216,318293
281,41.169035,-8.6492399,318293
282,41.16903,-8.649215,318293
283,41.1689883,-8.6492016,318293
284,41.1690033,-8.6491499,318293
285,41.1689566,-8.6491533,318293
286,41.1687733,-8.6492633,318293
287,41.1688016,-8.64926,318293
288,41.1689499,-8.6491783,318293
289,41.16903,-8.649215,318293
290,41.16902,-8.6492,318293
291,41.1689983,-8.6492316,318293
292,41.16894,-8.6492516,318293
293,41.168705,-8.6492516,318293
294,41.1690233,-8.6491183,318293
295,41.1689616,-8.6491416,318293
296,41.1689516,-8.6492816,318293
297,41.1689566,-8.6491533,318293
298,41.1690233,-8.6491183,318293
299,41.1689566,-8.6491533,318293
300,41.168945,-8.649165,318293
301,41.1690583,-8.64918,318293
302,41.1690033,-8.6492416,318293
303,41.168975,-8.6491566,318293
304,41.1689566,-8.6491533,318293
305,41.1689466,-8.6491683,318293
306,41.169025,-8.64916,318293
307,41.1690033,-8.6491499,318293
308,41.1689583,-8.6491533,318293
309,41.16872,-8.6492483,318293
310,41.1689566,-8.6491533,318293
311,41.1689566,-8.6491533,318293
312,41.1689916,-8.6491983,318293
313,41.169035,-8.6491849,318293
314,41.16902,-8.649115,318293
315,41.1689983,-8.6492366,318293
316,41.169015,-8.6492416,318293
317,41.1689883,-8.6492016,318293
318,41.1689566,-8.6491533,318293
319,41.1688833,-8.649265,318293
320,41.1690133,-8.6492333,318293
321,41.1689633,-8.6492483,318293
322,41.1689966,-8.6492433,318293
323,41.1690033,-8.6491499,318293
324,41.1689499,-8.6491783,318293
325,41.1689,-8.6492533,318293
326,41.1689,-8.6492616,318293
327,41.169015,-8.6491666,318293
328,41.1690216,-8.649175,318293
329,41.1690233,-8.649155,318293
330,41.1689683,-8.6491716,318293
331,41.1690066,-8.6491433,318293
332,41.1689483,-8.649215,318293
333,41.16896,-8.6491566,318293
334,41.1689983,-8.649235,318293
335,41.1689566,-8.6491533,318293
336,41.1689499,-8.6491783,318293
337,41.1687366,-8.649205,318293
338,41.1690283,-8.6491566,318293
339,41.1689616,-8.6491416,318293
340,41.1689583,-8.6491533,318293
341,41.1689616,-8.6491399,318293
342,41.1690383,-8.6491983,318293
343,41.169025,-8.6492416,318293
344,41.1689566,-8.6491533,318293
345,41.168955,-8.6491716,318293
346,41.1690233,-8.6491183,318293
347,41.1689566,-8.6491533,318293
348,41.1689416,-8.64929,318293
349,41.168975,-8.649135,318293
350,41.1689966,-8.6492316,318293
351,41.1687766,-8.6492,318293
352,41.1687266,-8.6492216,318293
353,41.1689616,-8.6491416,318293
354,41.16903,-8.649215,318293
355,41.1690083,-8.6491399,318293
356,41.1690083,-8.649175,318293
357,41.1689649,-8.6491433,318293
358,41.1689516,-8.6492816,318293
359,41.1689499,-8.6491783,318293
360,41.1689816,-8.649125,318293
361,41.1689566,-8.6491533,318293
362,41.1689883,-8.6492016,318293
363,41.1689883,-8.6492016,318293
364,41.16891,-8.6492533,318293
365,41.169045,-8.64919,318293
366,41.1689,-8.6492616,318293
367,41.1689583,-8.6491533,318293
368,41.1688,-8.6492683,318293
369,41.1690223,-8.6492612,318293
370,41.1689583,-8.6491533,318293
371,41.1688183,-8.649265,318293
372,41.1690033,-8.6491499,318293
373,41.1685449,-8.6490916,318293
374,41.1688783,-8.649275,318293
375,41.16893,-8.6492516,318293
376,41.1687683,-8.6492666,318293
377,41.1690666,-8.6492366,318293
378,41.1689499,-8.6491783,318293
379,41.1689566,-8.6491533,318293
380,41.1689566,-8.6491533,318293
381,41.1689499,-8.6491783,318293
382,41.1689,-8.6492616,318293
383,41.169023,-8.6490732,318293
384,41.1690204,-8.6492755,318293
385,41.1685683,-8.6491066,318293
386,41.169045,-8.6492383,318293
387,41.1689983,-8.649235,318293
388,41.1690016,-8.6491966,318293
389,41.1689716,-8.649165,318293
390,41.1690533,-8.6491883,318293
391,41.1689483,-8.64928,318293
392,41.1687083,-8.6492366,318293
393,41.1689616,-8.6491416,318293
394,41.1689733,-8.649245,318293
395,41.1689683,-8.64918,318293
396,41.1686066,-8.6491266,318293
397,41.1688416,-8.6492533,318293
398,41.1690233,-8.6491183,318293
399,41.1689566,-8.6491533,318293
400,41.1690416,-8.6491816,318293
401,41.1689833,-8.64921,318293
402,41.1690416,-8.6491816,318293
403,41.1690099,-8.6491683,318293
404,41.1689566,-8.6491533,318293
405,41.1690083,-8.6491833,318293
406,41.1689583,-8.6491533,318293
407,41.1689933,-8.6491366,318293
408,41.1689516,-8.64925,318293
409,41.1688783,-8.6492533,318293
410,41.1687,-8.6492849,318293
411,41.1689499,-8.6491783,318293
412,41.1689833,-8.6491283,318293
413,41.1690033,-8.6491499,318293
414,41.1689983,-8.6491833,318293
415,41.1689566,-8.6491533,318293
416,41.1689983,-8.6492399,318293
417,41.1684933,-8.6490683,318293
418,41.1690416,-8.6491816,318293
419,41.1689499,-8.6491783,318293
420,41.1689633,-8.6491483,318293
421,41.1690033,-8.6491499,318293
422,41.1690081,-8.6490289,318293
423,41.1690066,-8.6491366,318293
424,41.1689649,-8.6491416,318293
425,41.1690033,-8.6491499,318293
426,41.1690233,-8.6491183,318293
427,41.1689992,-8.6491659,318293
428,41.169005,-8.6491233,318293
429,41.1690083,-8.6491833,318293
430,41.1690416,-8.6491816,318293
431,41.168805,-8.6492666,318293
432,41.1689499,-8.6491783,318293
433,41.169015,-8.6491,318293
434,41.1689833,-8.649245,318293
435,41.1687849,-8.6492683,318293
436,41.1689883,-8.6492016,318293
437,41.1690016,-8.64923,318293
438,41.1689566,-8.6491533,318293
439,41.1689499,-8.6491783,318293
440,41.1689683,-8.6491933,318293
441,41.1690066,-8.6491783,318293
442,41.1690066,-8.6491833,318293
443,41.1688299,-8.6492566,318293
444,41.1689883,-8.6492016,318293
445,41.1690033,-8.6491499,318293
446,41.1689466,-8.6492849,318293
447,41.1689616,-8.6491416,318293
448,41.168675,-8.6492833,318293
449,41.1689566,-8.6491533,318293
450,41.1689983,-8.649145,318293
451,41.16889,-8.6492533,318293
452,41.1690566,-8.6492383,318293
453,41.169035,-8.6492066,318293
454,41.1686833,-8.6492466,318293
455,41.1689933,-8.6492433,318293
456,41.1689983,-8.6492333,318293
457,41.1689983,-8.6492266,318293
458,41.169005,-8.6492433,318293
459,41.1689499,-8.6491783,318293
460,41.1689883,-8.6492016,318293
461,41.1690033,-8.6492416,318293
462,41.1690033,-8.6491499,318293
463,41.1689616,-8.6491416,318293
464,41.1689499,-8.6491783,318293
465,41.1690133,-8.64917,318293
466,41.1688133,-8.6491816,318293
467,41.1689983,-8.6492316,318293
468,41.1689883,-8.6492016,318293
469,41.1690016,-8.6492399,318293
470,41.1689983,-8.6492316,318293
471,41.1690588,-8.6490389,318293
472,41.1689649,-8.6491533,318293
473,41.1690233,-8.6491183,318293
474,41.1689833,-8.6491566,318293
475,41.1690033,-8.6492416,318293
476,41.1690033,-8.6491499,318293
477,41.1686616,-8.6492566,318293
478,41.1689566,-8.6491533,318293
479,41.16887,-8.6492683,318293
480,41.16903,-8.649215,318293
481,41.1687433,-8.6492,318293
482,41.1690416,-8.6491816,318293
483,41.1690033,-8.6491933,318293
484,41.1690033,-8.6492416,318293
485,41.1690033,-8.6492416,318293
486,41.1690016,-8.6491366,318293
487,41.1689566,-8.6491533,318293
488,41.1689199,-8.6492516,318293
489,41.1689633,-8.6491766,318293
490,41.169,-8.6492383,318293
491,41.1690233,-8.6491183,318293
492,41.1689616,-8.6491416,318293
493,41.1690016,-8.6491966,318293
494,41.169025,-8.6491916,318293
495,41.1690233,-8.6491183,318293
496,41.168935,-8.6492866,318293
497,41.168975,-8.6491566,318293
498,41.169,-8.6491733,318293
499,41.1690083,-8.6491833,318293
500,41.1687416,-8.6492583,318293
501,41.1688683,-8.649255,318293
502,41.1689566,-8.6491533,318293
503,41.1689583,-8.6491733,318293
504,41.1689566,-8.6491533,318293
505,41.169,-8.6492516,318293
506,41.1690416,-8.6491816,318293
507,41.1689883,-8.6492016,318293
508,41.1689616,-8.6491499,318293
509,41.1689883,-8.6492016,318293
510,41.1689783,-8.6491616,318293
511,41.169005,-8.6491399,318293
512,41.1689966,-8.6491483,318293
513,41.1688583,-8.649255,318293
514,41.1690416,-8.6491816,318293
515,41.168665,-8.6492483,318293
516,41.1714683,-8.642235,318695
517,41.1721666,-8.6417966,318695
518,41.1582283,-8.6216466,318695
519,41.15713,-8.6164516,318695
520,41.1663799,-8.6375066,318695
521,41.158035,-8.6197116,318695
522,41.1569233,-8.6151633,318695
523,41.1639516,-8.6340833,318695
524,41.1721533,-8.641815,318695
525,41.1721583,-8.6418033,318695
526,41.165915,-8.6369883,318695
527,41.165595,-8.636445,318695
528,41.165555,-8.63637,318695
529,41.165415,-8.6362116,318695
530,41.1721216,-8.6418116,318695
531,41.16232,-8.6327916,318695
532,41.1582233,-8.6216266,318695
533,41.15713,-8.6164516,318695
534,41.172135,-8.641805,318695
535,41.1662816,-8.63743,318695
536,41.165385,-8.636225,318695
537,41.1642933,-8.6340483,318695
538,41.156935,-8.615105,318695
539,41.1727583,-8.6417583,318695
540,41.1573033,-8.6170616,318695
541,41.1656383,-8.636525,318695
542,41.165685,-8.6366066,318695
543,41.1704983,-8.64334,318695
544,41.1714599,-8.6422366,318695
545,41.1714216,-8.6422766,318695
546,41.1654566,-8.6361933,318695
547,41.1725916,-8.6415583,318695
548,41.171315,-8.64233,318695
549,41.1653716,-8.6362483,318695
550,41.164815,-8.6351066,318695
551,41.1640183,-8.634115,318695
552,41.1640866,-8.6340983,318695
553,41.1722,-8.6417333,318695
554,41.1727633,-8.64177,318695
555,41.1707116,-8.63943,318695
556,41.16649,-8.63756,318695
557,41.1719466,-8.64186,318695
558,41.1728333,-8.64158,318695
559,41.1718333,-8.6419016,318695
560,41.1647133,-8.634685,318695
561,41.1654366,-8.6361983,318695
562,41.1719733,-8.6418349,318695
563,41.165505,-8.6362383,318695
564,41.1708066,-8.642605,318695
565,41.17216,-8.64096,318695
566,41.1659883,-8.6370799,318695
567,41.1705866,-8.6393516,318695
568,41.1711666,-8.6425116,318695
569,41.162405,-8.6328833,318695
570,41.1727499,-8.6417466,318695
571,41.1581716,-8.6200216,318695
572,41.1582616,-8.6217316,318695
573,41.1654466,-8.6361933,318695
574,41.172905,-8.64165,318695
575,41.1642383,-8.6340583,318695
576,41.1717916,-8.6419249,318695
577,41.1729933,-8.6418033,318695
578,41.1723783,-8.6415,318695
579,41.17234,-8.641535,318695
580,41.172845,-8.6417933,318695
581,41.156935,-8.6150566,318695
582,41.1728083,-8.6417833,318695
583,41.1727183,-8.6417233,318695
584,41.1718933,-8.6418766,318695
585,41.1718483,-8.6418966,318695
586,41.1647266,-8.6347933,318695
587,41.1707699,-8.6426183,318695
588,41.1711916,-8.6425133,318695
589,41.1653833,-8.63628,318695
590,41.1654883,-8.6362216,318695
591,41.1655249,-8.6362933,318695
592,41.1650983,-8.6356233,318695
593,41.1614283,-8.6289813,318695
594,41.1707183,-8.6428383,318695
595,41.1727916,-8.6417716,318695
596,41.1569316,-8.6149566,318695
597,41.1707066,-8.6428416,318695
598,41.17141,-8.6422866,318695
599,41.15837,-8.621735,318695
600,41.1718049,-8.6419116,318695
601,41.1650166,-8.6354633,318695
602,41.164975,-8.6353966,318695
603,41.1649216,-8.635315,318695
604,41.1692683,-8.6387,318695
605,41.1720616,-8.6408566,318695
606,41.1721083,-8.6418166,318695
607,41.1644766,-8.6340916,318695
608,41.172145,-8.6418133,318695
609,41.1584016,-8.6210583,318695
610,41.1720583,-8.6418266,318695
611,41.1728716,-8.6416233,318695
612,41.1727916,-8.6415283,318695
613,41.1707616,-8.6426216,318695
614,41.1730316,-8.6418433,318695
615,41.1730049,-8.641855,318695
616,41.1720866,-8.6418216,318695
617,41.17273,-8.6417116,318695
618,41.1648683,-8.635225,318695
619,41.1719633,-8.6407533,318695
620,41.1614283,-8.6289813,318695
621,41.1584483,-8.62125,318695
622,41.1583083,-8.6204566,318695
623,41.15811,-8.619865,318695
624,41.1569366,-8.61501,318695
625,41.171425,-8.6422716,318695
626,41.166595,-8.6376233,318695
627,41.1667933,-8.6377283,318695
628,41.157375,-8.6172716,318695
629,41.1569166,-8.6152033,318695
630,41.1653783,-8.63623,318695
631,41.1573383,-8.6171666,318695
632,41.1729616,-8.6417066,318695
633,41.1715883,-8.6420883,318695
634,41.1710849,-8.6424966,318695
635,41.1710516,-8.6424966,318695
636,41.1582166,-8.6201766,318695
637,41.1707083,-8.642715,318695
638,41.165375,-8.6361833,318695
639,41.1718216,-8.6419066,318695
640,41.17075,-8.6426316,318695
641,41.170715,-8.6426966,318695
642,41.1708816,-8.6425516,318695
643,41.1718733,-8.641875,318695
644,41.1647766,-8.634995,318695
645,41.1712116,-8.6424783,318695
646,41.171095,-8.642495,318695
647,41.1705066,-8.64331,318695
648,41.1729716,-8.6418583,318695
649,41.1708149,-8.6425866,318695
650,41.1583366,-8.62062,318695
651,41.158265,-8.6203183,318695
652,41.1585316,-8.6217216,318695
653,41.1645683,-8.6342516,318695
654,41.1707083,-8.6427816,318695
655,41.165325,-8.6360083,318695
656,41.1572416,-8.6168616,318695
657,41.1641416,-8.6341016,318695
658,41.1729816,-8.6418566,318695
659,41.1697757,-8.5983248,318695
660,41.170925,-8.64249,318695
661,41.1727233,-8.6417183,318695
662,41.17138,-8.64229,318695
663,41.172205,-8.6417233,318695
664,41.1726866,-8.6414,318695
665,41.1652549,-8.63589,318695
666,41.1582616,-8.6217316,318695
667,41.172355,-8.6415233,318695
668,41.1711583,-8.642515,318695
669,41.17115,-8.6425299,318695
670,41.171345,-8.6423033,318695
671,41.1712583,-8.6424033,318695
672,41.1645516,-8.6342283,318695
673,41.1727283,-8.6417333,318695
674,41.1581633,-8.6218,318695
675,41.1711616,-8.6425116,318695
676,41.1713666,-8.6423016,318695
677,41.158505,-8.6215466,318695
678,41.15713,-8.6164516,318695
679,41.1633883,-8.6340716,318695
680,41.1704733,-8.6433883,318695
681,41.15713,-8.6164516,318695
682,41.1647166,-8.634565,318695
683,41.16507,-8.6355233,318695
684,41.1723616,-8.6414883,318695
685,41.1718666,-8.641885,318695
686,41.1585449,-8.6223217,318695
687,41.1709666,-8.642455,318695
688,41.172935,-8.641665,318695
689,41.1713333,-8.6423166,318695
690,41.17261,-8.6415733,318695
691,41.1714316,-8.6422616,318695
692,41.1730233,-8.6418466,318695
693,41.1572233,-8.6167633,318695
694,41.1707083,-8.6427283,318695
695,41.1582483,-8.6216316,318695
696,41.1730216,-8.6418533,318695
697,41.1730166,-8.6418566,318695
698,41.1727383,-8.6417383,318695
699,41.1709449,-8.6425033,318695
700,41.1713733,-8.6422933,318695
701,41.1583633,-8.6207916,318695
702,41.1712983,-8.64233,318695
703,41.171635,-8.6420383,318695
704,41.163535,-8.6341133,318695
705,41.1712833,-8.6423266,318695
706,41.1584799,-8.621835,318695
707,41.1654733,-8.6361966,318695
708,41.171105,-8.6425133,318695
709,41.1713516,-8.6422983,318695
710,41.1569166,-8.61528,318695
711,41.1712666,-8.6423533,318695
712,41.1705216,-8.6433383,318695
713,41.1704949,-8.6433716,318695
714,41.1712,-8.6424749,318695
715,41.1643366,-8.6340583,318695
716,41.1614294,-8.628981,318695
717,41.1706199,-8.6428816,318695
718,41.1583916,-8.620935,318695
719,41.1634583,-8.634095,318695
720,41.1636183,-8.634115,318695
721,41.1704716,-8.64322,318695
722,41.1578966,-8.6193649,318695
723,41.15713,-8.6164516,318695
724,41.1646033,-8.6342733,318695
725,41.1723749,-8.6414966,318695
726,41.1699033,-8.6390216,318695
727,41.170865,-8.6425533,318695
728,41.170465,-8.6430383,318695
729,41.1708916,-8.6425333,318695
730,41.1726283,-8.6415983,318695
731,41.1707066,-8.6427516,318695
732,41.1728666,-8.6417983,318695
733,41.16534,-8.6360483,318695
734,41.17132,-8.6423266,318695
735,41.1653483,-8.6360866,318695
736,41.1575066,-8.6177633,318695
737,41.17225,-8.641055,318695
738,41.1726899,-8.641665,318695
739,41.1713783,-8.6422949,318695
740,41.1714449,-8.6422433,318695
741,41.1713849,-8.6422866,318695
742,41.165395,-8.6362233,318695
743,41.1653933,-8.6362399,318695
744,41.1705766,-8.6429033,318695
745,41.1705483,-8.6429166,318695
746,41.16669,-8.6376783,318695
747,41.1653966,-8.6362183,318695
748,41.1621259,-8.6304631,318695
749,41.1621259,-8.6304631,318695
750,41.1624916,-8.6329883,318695
751,41.1712283,-8.6424766,318695
752,41.1712466,-8.6424783,318695
753,41.1654766,-8.6362066,318695
754,41.1671683,-8.6378583,318695
755,41.1643849,-8.6340583,318695
756,41.17237,-8.6415116,318695
757,41.17148,-8.6422266,318695
758,41.1614289,-8.6289813,318695
759,41.1704983,-8.6429883,318695
760,41.1717783,-8.6419383,318695
761,41.1584649,-8.6213516,318695
762,41.1704766,-8.6432533,318695
763,41.17196,-8.641845,318695
764,41.1652066,-8.6356866,318695
765,41.1646416,-8.634355,318695
766,41.1720366,-8.6418333,318695
767,41.1707249,-8.6426716,318695
768,41.1697757,-8.5983248,318695
769,41.15713,-8.6164516,318695
770,41.17291,-8.6418083,318695
771,41.1728933,-8.64181,318695
772,41.1707133,-8.6428166,318695
773,41.17151,-8.6422083,318695
774,41.1571549,-8.6164516,318695
775,41.1729783,-8.6418566,318695
776,41.1582366,-8.621655,318695
777,41.1574699,-8.6176316,318695
778,41.1707916,-8.6426133,318695
779,41.1727033,-8.6416816,318695
780,41.1727133,-8.64169,318695
781,41.1727216,-8.6416983,318695
782,41.1705866,-8.642895,318695
783,41.1706516,-8.64285,318695
784,41.1582616,-8.6217316,318695
785,41.1583399,-8.6217033,318695
786,41.1661966,-8.63735,318695
787,41.1653866,-8.6362866,318695
788,41.1627966,-8.633475,318695
789,41.1570833,-8.6159783,318695
790,41.1700733,-8.6391016,318695
791,41.1714933,-8.6422133,318695
792,41.1711149,-8.6425116,318695
793,41.1670133,-8.6378133,318695
794,41.1571116,-8.6165133,318695
795,41.1722266,-8.641635,318695
796,41.1713616,-8.642305,318695
797,41.1657366,-8.6367016,318695
798,41.1660466,-8.6371683,318695
799,41.17051,-8.6429866,318695
800,41.15713,-8.6164516,318695
801,41.15713,-8.6164516,318695
802,41.1717833,-8.64193,318695
803,41.1707416,-8.6426466,318695
804,41.170735,-8.642655,318695
805,41.1708866,-8.6425416,318695
806,41.1582,-8.6217166,318695
807,41.169105,-8.6386233,318695
808,41.157775,-8.619005,318695
809,41.1709533,-8.64249,318695
810,41.1709083,-8.6424783,318695
811,41.1707833,-8.6426199,318695
812,41.17292,-8.6418266,318695
813,41.1653533,-8.6361283,318695
814,41.170895,-8.64252,318695
815,41.1697757,-8.5983249,318695
816,41.1697757,-8.5983249,318695
817,41.1568916,-8.6146883,318695
818,41.1574066,-8.6173766,318695
819,41.1706333,-8.6428666,318695
820,41.1706733,-8.64284,318695
821,41.1706383,-8.6428533,318695
822,41.1705933,-8.642885,318695
823,41.158425,-8.62179,318695
824,41.1584516,-8.6218399,318695
825,41.1584533,-8.6218533,318695
826,41.1582233,-8.621615,318695
827,41.16384,-8.6340866,318695
828,41.1620833,-8.632565,318695
829,41.17225,-8.6415983,318695
830,41.1626783,-8.63323,318695
831,41.170255,-8.6391833,318695
832,41.1570116,-8.6157416,318695
833,41.1569916,-8.615665,318695
834,41.1569333,-8.6154433,318695
835,41.1646683,-8.63445,318695
836,41.1645083,-8.6342199,318695
837,41.1657933,-8.6367999,318695
838,41.1711383,-8.6425233,318695
839,41.1658533,-8.636895,318695
840,41.15713,-8.6164516,318695
841,41.16371,-8.6341116,318695
842,41.1716766,-8.6420216,318695
843,41.1717116,-8.6419766,318695
844,41.1579683,-8.6195466,318695
845,41.1718933,-8.6418766,318695
846,41.1708483,-8.6425716,318695
847,41.1578316,-8.619185,318695
848,41.15855,-8.6217716,318695
849,41.1571666,-8.6164616,318695
850,41.1709933,-8.6424416,318695
851,41.1704699,-8.6430533,318695
852,41.1647466,-8.634895,318695
853,41.17292,-8.6418083,318695
854,41.1729983,-8.6418533,318695
855,41.1697754,-8.598322,318695
856,41.1713283,-8.6423183,318695
857,41.1729566,-8.6418666,318695
858,41.1575733,-8.618085,318695
859,41.1727433,-8.6414733,318695
860,41.1653866,-8.6362949,318695
861,41.15713,-8.6164516,318695
862,41.1653866,-8.6362949,318695
863,41.1585649,-8.6218233,318695
864,41.1584633,-8.6218566,318695
865,41.1582483,-8.6217166,318695
866,41.1582433,-8.621655,318695
867,41.1716233,-8.6420466,318695
868,41.1722766,-8.6415766,318695
869,41.1721783,-8.641795,318695
870,41.1570716,-8.6163266,318695
871,41.1625866,-8.633115,318695
872,41.170445,-8.63924,318695
873,41.1571116,-8.6165133,318695
874,41.1730366,-8.6418483,318695
875,41.157145,-8.6164466,318695
876,41.1711983,-8.6424983,318695
877,41.1714849,-8.6422166,318695
878,41.1704783,-8.643055,318695
879,41.1710733,-8.6425066,318695
880,41.1705066,-8.642955,318695
881,41.1708216,-8.642565,318695
882,41.1722183,-8.6417033,318695
883,41.1717633,-8.64195,318695
884,41.1633,-8.6340016,318695
885,41.1653666,-8.6361616,318695
886,41.1652466,-8.6358266,318695
887,41.1571116,-8.6165133,318695
888,41.1585116,-8.6216499,318695
889,41.1729466,-8.6416883,318695
890,41.1710116,-8.6424416,318695
891,41.1582433,-8.6216216,318695
892,41.1729433,-8.6418516,318695
893,41.1729266,-8.6418283,318695
894,41.1726816,-8.64165,318695
895,41.1709566,-8.64248,318695
896,41.1708983,-8.6425,318695
897,41.1704433,-8.6431016,318695
898,41.15823,-8.6217,318695
899,41.1730016,-8.6418083,318695
900,41.1717516,-8.641965,318695
901,41.15691,-8.6148233,318695
902,41.1584733,-8.62185,318695
903,41.158575,-8.6218616,318695
904,41.1714749,-8.642225,318695
905,41.1661233,-8.637255,318695
906,41.17133,-8.6423183,318695
907,41.1718649,-8.64064,318695
908,41.1689303,-8.6495739,318695
909,41.17229,-8.64157,318695
910,41.157075,-8.61626,318695
911,41.15705,-8.615905,318695
912,41.1725233,-8.6414633,318695
913,41.1577283,-8.6188166,318695
914,41.1652699,-8.635945,318695
915,41.1708316,-8.6425566,318695
916,41.1569033,-8.614755,318695
917,41.1729433,-8.64186,318695
918,41.1729183,-8.6418066,318695
919,41.1709049,-8.6424849,318695
920,41.1717616,-8.6405266,318695
921,41.17265,-8.6416183,318695
922,41.17168,-8.6420166,318695
923,41.1705283,-8.642925,318695
924,41.1717016,-8.6419816,318695
925,41.1705033,-8.6432966,318695
926,41.1570833,-8.6163766,318695
927,41.1725083,-8.64146,318695
928,41.1653899,-8.6362499,318695
929,41.1653866,-8.6362949,318695
930,41.1582266,-8.6216466,318695
931,41.1654833,-8.6361949,318695
932,41.1654516,-8.6361933,318695
933,41.1708883,-8.64254,318695
934,41.1571816,-8.6165366,318695
935,41.165235,-8.6357533,318695
936,41.16818,-8.63823,318695
937,41.168315,-8.638285,318695
938,41.1676899,-8.6380683,318695
939,41.1716516,-8.6420233,318695
940,41.17051,-8.6429283,318695
941,41.1569166,-8.61489,318695
942,41.1717116,-8.6419766,318695
943,41.1708549,-8.6425566,318695
944,41.1704916,-8.6430049,318695
945,41.16974,-8.6389383,318695
946,41.1716183,-8.642065,318695
947,41.17118,-8.6425183,318695
948,41.1703916,-8.64343,318695
949,41.1570733,-8.6161816,318695
950,41.1725416,-8.64148,318695
951,41.1570433,-8.6158183,318695
952,41.168765,-8.63847,318695
953,41.157545,-8.6179133,318695
954,41.1576,-8.6182483,318695
955,41.1729933,-8.6418033,318695
956,41.171615,-8.6420666,318695
957,41.16537,-8.6362633,318695
958,41.1653733,-8.636275,318695
959,41.15713,-8.6164516,318695
960,41.1644216,-8.6340533,318695
961,41.1709616,-8.6424749,318695
962,41.1716816,-8.6419983,318695
963,41.158425,-8.6211633,318695
964,41.1695866,-8.6388666,318695
965,41.1629116,-8.6337049,318695
966,41.1571116,-8.6165133,318695
967,41.1571099,-8.616505,318695
968,41.1705116,-8.6429416,318695
969,41.1709516,-8.639635,318695
970,41.1689283,-8.6385333,318695
971,41.1717116,-8.6419766,318695
972,41.1653866,-8.6362949,318695
973,41.1697764,-8.5983248,318695
974,41.1572116,-8.6166783,318695
975,41.1704566,-8.643035,318695
976,41.1704533,-8.6430483,318695
977,41.1715183,-8.6421833,318695
978,41.1722099,-8.6416849,318695
979,41.1705166,-8.64293,318695
980,41.1705133,-8.642935,318695
981,41.157635,-8.6184366,318695
982,41.16531,-8.635965,318695
983,41.1653866,-8.6362949,318695
984,41.1716166,-8.6420533,318695
985,41.1704966,-8.6430366,318695
986,41.17258,-8.6415366,318695
987,41.1614289,-8.6289813,318695
988,41.1675399,-8.6380016,318695
989,41.1721916,-8.6417483,318695
990,41.1721866,-8.6417883,318695
991,41.1724366,-8.6414483,318695
992,41.1684566,-8.6383533,318695
993,41.16785,-8.6381299,318695
994,41.1686116,-8.63841,318695
995,41.1711983,-8.6398883,318695
996,41.15713,-8.6164516,318695
997,41.17258,-8.6415483,318695
998,41.171605,-8.642075,318695
999,41.1694266,-8.6387716,318695
1000,41.1711583,-8.6425266,318695
1001,41.1571933,-8.6166033,318695
1002,41.171695,-8.6419883,318695
1003,41.1726683,-8.6416399,318695
1004,41.15695,-8.6155283,318695
1005,41.1570866,-8.61643,318695
1006,41.1569666,-8.6156,318695
1007,41.1721916,-8.6417749,318695
1008,41.1704466,-8.643135,318695
1009,41.1715183,-8.6421916,318695
1010,41.171315,-8.640025,318695
1011,41.170505,-8.642965,318695
1012,41.1716033,-8.6420933,318695
1013,41.17295,-8.6418633,318695
1014,41.172295,-8.6415566,318695
1015,41.1571366,-8.6164433,318695
1016,41.170445,-8.6430666,318695
1017,41.1704949,-8.6429883,318695
1018,41.1716616,-8.6420216,318695
1019,41.15713,-8.6164516,318695
1020,41.171425,-8.6401466,318695
1021,41.1715233,-8.64217,318695
1022,41.1710766,-8.6397599,318695
1023,41.1723916,-8.6414516,318695
1024,41.1730233,-8.6418349,318695
1025,41.1572716,-8.6169583,318695
1026,41.1722399,-8.6416133,318695
1027,41.15713,-8.6164516,318695
1028,41.1571099,-8.6165,318695
1029,41.1716516,-8.6404033,318695
1030,41.1680383,-8.6381833,318695
1031,41.1715216,-8.6421966,318695
1032,41.1715233,-8.64217,318695
1033,41.1724433,-8.6412116,318695
1034,41.1569166,-8.6153483,318695
1035,41.172215,-8.64167,318695
1036,41.1724,-8.6414533,318695
1037,41.1574366,-8.6175033,318695
1038,41.1725633,-8.6415166,318695
1039,41.1729916,-8.6418533,318695
1040,41.172265,-8.64159,318695
1041,41.1571433,-8.6164483,318695
1042,41.1632016,-8.633995,318695
1043,41.166905,-8.6377683,318695
1044,41.1715233,-8.64217,318695
1045,41.1570583,-8.6160966,318695
1046,41.1630216,-8.6338949,318695
1047,41.1715333,-8.6402716,318695
1048,41.171515,-8.6422066,318695
1049,41.1729866,-8.6418566,318695
1050,41.1715183,-8.6422116,318695
1051,41.1576816,-8.6186316,318695
1052,41.1725516,-8.6415016,318695
1053,41.1715233,-8.64217,318695
1054,41.1722999,-8.6415483,318695
1055,41.1704583,-8.6431866,318695
1056,41.1715583,-8.6421049,318695
1057,41.1717066,-8.6419766,318695
1058,41.1584799,-8.6214533,318695
1059,41.1631049,-8.6339516,318695
1060,41.1715783,-8.6420966,318695
1061,41.15713,-8.6164516,318695
1062,41.1714783,-8.6422283,318695
1063,41.157175,-8.6164983,318695
1064,41.1622433,-8.6327249,318695
1065,41.1729933,-8.6418033,318695
1066,41.17249,-8.6414533,318695
1067,41.1724166,-8.6414433,318695
1068,41.1723083,-8.6415366,318695
1069,41.1708316,-8.6395266,318695
1070,41.16728,-8.6378949,318695
1071,41.1715733,-8.6421183,318695
1072,41.1723283,-8.6415466,318695
1073,41.1571066,-8.6165066,318695
1074,41.1674033,-8.6379399,318695
1075,41.1723633,-8.641485,318695
1076,41.1723516,-8.6411383,318695
1077,41.1725383,-8.641265,318695
1078,41.1722333,-8.6416216,318695
1079,41.1722183,-8.6416566,318695
1080,41.1724633,-8.6414499,318695
1081,41.1715633,-8.6421066,318695
1082,41.1723183,-8.64155,318695
1083,41.1704499,-8.6431633,318695
1084,41.1715233,-8.64217,318695
1085,41.1726166,-8.641325,318695
1086,41.1621633,-8.632645,318695
1087,41.1723966,-8.641455,318695
1088,41.1715166,-8.64219,318695
1089,41.1723749,-8.6414783,318695
1090,41.1723899,-8.6414666,318695
1091,41.1711483,-8.6423083,318699
1092,41.1692933,-8.6443633,318699
1093,41.1703783,-8.6435116,318699
1094,41.1707733,-8.6422983,318699
1095,41.1704233,-8.643445,318699
1096,41.1692916,-8.644375,318699
1097,41.1689049,-8.6493333,318699
1098,41.1708683,-8.6422566,318699
1099,41.1688866,-8.649315,318699
1100,41.1711433,-8.6423166,318699
1101,41.1711683,-8.6422983,318699
1102,41.1687333,-8.64671,318699
1103,41.1688866,-8.649315,318699
1104,41.1687416,-8.646835,318699
1105,41.1693033,-8.6443633,318699
1106,41.1713233,-8.6423233,318699
1107,41.1688599,-8.6493299,318699
1108,41.1689049,-8.6493333,318699
1109,41.1685733,-8.6456249,318699
1110,41.1688333,-8.6493216,318699
1111,41.1688733,-8.6493316,318699
1112,41.1704699,-8.6430133,318699
1113,41.1708466,-8.6422383,318699
1114,41.1687483,-8.6491049,318699
1115,41.1707283,-8.6422733,318699
1116,41.1688866,-8.649335,318699
1117,41.1687383,-8.6491433,318699
1118,41.1704583,-8.6430499,318699
1119,41.1685166,-8.6456233,318699
1120,41.1712949,-8.6423333,318699
1121,41.1687316,-8.64686,318699
1122,41.1710783,-8.64232,318699
1123,41.1686633,-8.648175,318699
1124,41.1733199,-8.6422133,318699
1125,41.1711183,-8.6423233,318699
1126,41.1708783,-8.6422733,318699
1127,41.1688816,-8.649335,318699
1128,41.1684616,-8.6465916,318699
1129,41.1687283,-8.6467166,318699
1130,41.1687466,-8.6467983,318699
1131,41.1688866,-8.649315,318699
1132,41.1689016,-8.6493333,318699
1133,41.1710933,-8.6423216,318699
1134,41.17075,-8.6422883,318699
1135,41.1707183,-8.6422766,318699
1136,41.1686983,-8.648135,318699
1137,41.17274,-8.6413666,318699
1138,41.1731999,-8.6421116,318699
1139,41.1685866,-8.6456266,318699
1140,41.1686016,-8.6456383,318699
1141,41.16912,-8.6492683,318699
1142,41.168565,-8.64562,318699
1143,41.1687366,-8.6467833,318699
1144,41.168735,-8.6468133,318699
1145,41.1703866,-8.643495,318699
1146,41.1707849,-8.6423016,318699
1147,41.1708466,-8.6422383,318699
1148,41.1712466,-8.6423183,318699
1149,41.1731849,-8.6420983,318699
1150,41.17037,-8.6435266,318699
1151,41.1685483,-8.645575,318699
1152,41.170465,-8.6430333,318699
1153,41.1712633,-8.642325,318699
1154,41.1683566,-8.6465416,318699
1155,41.1689049,-8.6493333,318699
1156,41.1691299,-8.6492766,318699
1157,41.1687399,-8.6468483,318699
1158,41.1687249,-8.6491616,318699
1159,41.1687366,-8.6468766,318699
1160,41.1708466,-8.6422383,318699
1161,41.1704666,-8.6430216,318699
1162,41.1711066,-8.64232,318699
1163,41.1689499,-8.6493583,318699
1164,41.1686533,-8.648195,318699
1165,41.16861,-8.645645,318699
1166,41.1686516,-8.6482133,318699
1167,41.168895,-8.649335,318699
1168,41.1684983,-8.6465933,318699
1169,41.1688149,-8.6492966,318699
1170,41.1685183,-8.646595,318699
1171,41.1687283,-8.64676,318699
1172,41.16873,-8.64677,318699
1173,41.1708099,-8.6422866,318699
1174,41.1711916,-8.6423,318699
1175,41.1704533,-8.6434133,318699
1176,41.1685683,-8.64553,318699
1177,41.1683383,-8.6465183,318699
1178,41.1683083,-8.6461916,318699
1179,41.1716716,-8.6419966,318699
1180,41.1685416,-8.6465966,318699
1181,41.1686666,-8.6451216,318699
1182,41.1687216,-8.649025,318699
1183,41.1687316,-8.646775,318699
1184,41.1687216,-8.6467533,318699
1185,41.1704499,-8.643155,318699
1186,41.1704683,-8.6431266,318699
1187,41.1689616,-8.6492466,318699
1188,41.1712166,-8.6423033,318699
1189,41.1704816,-8.64298,318699
1190,41.17048,-8.6429316,318699
1191,41.1711316,-8.6423233,318699
1192,41.1708466,-8.6422383,318699
1193,41.1727883,-8.6414083,318699
1194,41.1709866,-8.6422866,318699
1195,41.1713766,-8.6423366,318699
1196,41.1742016,-8.6427616,318699
1197,41.17317,-8.6420833,318699
1198,41.1742783,-8.6428383,318699
1199,41.1704566,-8.6431516,318699
1200,41.1684383,-8.6465866,318699
1201,41.1687266,-8.6491683,318699
1202,41.170465,-8.6430983,318699
1203,41.1689566,-8.6492433,318699
1204,41.1704783,-8.6433233,318699
1205,41.17105,-8.64231,318699
1206,41.169275,-8.6443783,318699
1207,41.1685383,-8.64562,318699
1208,41.1734133,-8.6422933,318699
1209,41.1687466,-8.6490833,318699
1210,41.1687283,-8.6467233,318699
1211,41.1688016,-8.6492733,318699
1212,41.1687683,-8.6492233,318699
1213,41.1687483,-8.6467,318699
1214,41.1727716,-8.6413933,318699
1215,41.1684849,-8.6465883,318699
1216,41.168555,-8.6465883,318699
1217,41.1700833,-8.6438083,318699
1218,41.1701616,-8.6438466,318699
1219,41.168325,-8.6461866,318699
1220,41.1731616,-8.6420766,318699
1221,41.17244,-8.6415516,318699
1222,41.1686533,-8.6489149,318699
1223,41.1744383,-8.642985,318699
1224,41.1685083,-8.645635,318699
1225,41.1687116,-8.645055,318699
1226,41.1731566,-8.6420716,318699
1227,41.1687566,-8.6466916,318699
1228,41.168825,-8.64787,318699
1229,41.1712016,-8.6422966,318699
1230,41.168845,-8.647805,318699
1231,41.1708549,-8.6422366,318699
1232,41.171155,-8.6423033,318699
1233,41.1688866,-8.6493116,318699
1234,41.1713333,-8.6423166,318699
1235,41.1714299,-8.6423416,318699
1236,41.1689049,-8.6493333,318699
1237,41.1687433,-8.6490733,318699
1238,41.1687816,-8.6492483,318699
1239,41.1710616,-8.6423166,318699
1240,41.1685566,-8.64556,318699
1241,41.1718333,-8.6418633,318699
1242,41.1687716,-8.6492366,318699
1243,41.1700449,-8.6437866,318699
1244,41.1737666,-8.6425516,318699
1245,41.1703966,-8.6434766,318699
1246,41.168575,-8.64569,318699
1247,41.1746133,-8.6431516,318699
1248,41.1743616,-8.64291,318699
1249,41.1687233,-8.64904,318699
1250,41.1683683,-8.6465883,318699
1251,41.1687283,-8.6490499,318699
1252,41.1687466,-8.6466966,318699
1253,41.16875,-8.6492033,318699
1254,41.1683466,-8.6463466,318699
1255,41.1687166,-8.6450433,318699
1256,41.1690533,-8.6492683,318699
1257,41.1700783,-8.6438,318699
1258,41.16833,-8.6461733,318699
1259,41.169035,-8.649265,318699
1260,41.1683483,-8.64653,318699
1261,41.17178,-8.6419683,318699
1262,41.1690533,-8.6492683,318699
1263,41.1690533,-8.6492683,318699
1264,41.1688916,-8.6493066,318699
1265,41.17452,-8.6430516,318699
1266,41.168975,-8.6490983,318699
1267,41.1707999,-8.6422933,318699
1268,41.1688866,-8.649315,318699
1269,41.1709133,-8.6423,318699
1270,41.1688216,-8.6478916,318699
1271,41.1704733,-8.643,318699
1272,41.1712799,-8.64233,318699
1273,41.1713083,-8.6423283,318699
1274,41.1714183,-8.6423433,318699
1275,41.171455,-8.6423366,318699
1276,41.1714033,-8.6423416,318699
1277,41.1687366,-8.64907,318699
1278,41.1689049,-8.6493333,318699
1279,41.1727516,-8.6413783,318699
1280,41.1689516,-8.6492266,318699
1281,41.1695366,-8.644095,318699
1282,41.170505,-8.6428083,318699
1283,41.1695233,-8.6441033,318699
1284,41.1690766,-8.6492916,318699
1285,41.1689049,-8.6493333,318699
1286,41.1686083,-8.6456616,318699
1287,41.1688866,-8.649315,318699
1288,41.1687316,-8.6490616,318699
1289,41.1710383,-8.6423033,318699
1290,41.1686866,-8.6489516,318699
1291,41.1686283,-8.6488816,318699
1292,41.1687466,-8.64666,318699
1293,41.1683833,-8.64658,318699
1294,41.168675,-8.6450933,318699
1295,41.1687016,-8.6450683,318699
1296,41.1701616,-8.6438466,318699
1297,41.1683316,-8.64626,318699
1298,41.1690316,-8.649265,318699
1299,41.1690316,-8.649265,318699
1300,41.1683266,-8.6462416,318699
1301,41.1689716,-8.64921,318699
1302,41.1706749,-8.6423166,318699
1303,41.1706949,-8.6423016,318699
1304,41.1733683,-8.6422533,318699
1305,41.1684233,-8.6465783,318699
1306,41.1727616,-8.641385,318699
1307,41.1709283,-8.6422966,318699
1308,41.1688416,-8.647825,318699
1309,41.1688016,-8.6479716,318699
1310,41.1688183,-8.6479116,318699
1311,41.172755,-8.6413816,318699
1312,41.1704783,-8.64291,318699
1313,41.1689049,-8.6493333,318699
1314,41.1684,-8.646075,318699
1315,41.1727483,-8.6413616,318699
1316,41.1683883,-8.6460983,318699
1317,41.1714883,-8.642315,318699
1318,41.1714483,-8.6423433,318699
1319,41.1695499,-8.6440883,318699
1320,41.16957,-8.6440699,318699
1321,41.1696016,-8.64405,318699
1322,41.1704499,-8.6431766,318699
1323,41.1686183,-8.6452033,318699
1324,41.1702166,-8.6437766,318699
1325,41.1706466,-8.6424866,318699
1326,41.1702166,-8.6437766,318699
1327,41.1729583,-8.64198,318699
1328,41.172805,-8.6418416,318699
1329,41.1704416,-8.6434266,318699
1330,41.1687166,-8.6490183,318699
1331,41.1716783,-8.64199,318699
1332,41.168975,-8.6490983,318699
1333,41.1684016,-8.64657,318699
1334,41.16871,-8.6450516,318699
1335,41.1701616,-8.6438466,318699
1336,41.1683483,-8.6463249,318699
1337,41.1707066,-8.642285,318699
1338,41.168655,-8.6482483,318699
1339,41.1689916,-8.6492083,318699
1340,41.1685516,-8.645395,318699
1341,41.1690316,-8.649265,318699
1342,41.16866,-8.64831,318699
1343,41.1686533,-8.6483266,318699
1344,41.17274,-8.6413666,318699
1345,41.1709349,-8.6422816,318699
1346,41.1688866,-8.649315,318699
1347,41.1712333,-8.6423133,318699
1348,41.1688299,-8.64785,318699
1349,41.1727883,-8.6414083,318699
1350,41.1688166,-8.6479316,318699
1351,41.1709799,-8.642285,318699
1352,41.1688599,-8.6477883,318699
1353,41.1704833,-8.642955,318699
1354,41.1684116,-8.6460266,318699
1355,41.173545,-8.6423616,318699
1356,41.1684033,-8.6460533,318699
1357,41.17147,-8.6423133,318699
1358,41.1687566,-8.6492116,318699
1359,41.1686133,-8.6456516,318699
1360,41.16899,-8.64911,318699
1361,41.1716,-8.6423266,318699
1362,41.1687366,-8.6491849,318699
1363,41.1695,-8.644145,318699
1364,41.1688149,-8.6473066,318699
1365,41.1718266,-8.6418783,318699
1366,41.1716999,-8.6421149,318699
1367,41.1689616,-8.6492466,318699
1368,41.1689516,-8.6492133,318699
1369,41.168575,-8.6452416,318699
1370,41.1704549,-8.6430683,318699
1371,41.16863,-8.648895,318699
1372,41.1687383,-8.6450199,318699
1373,41.1687249,-8.6450316,318699
1374,41.1685599,-8.645545,318699
1375,41.1690316,-8.649265,318699
1376,41.1690316,-8.649265,318699
1377,41.1690316,-8.649265,318699
1378,41.1683133,-8.6464483,318699
1379,41.1685683,-8.6453666,318699
1380,41.1689183,-8.6490966,318699
1381,41.1686533,-8.6482316,318699
1382,41.1683283,-8.6462233,318699
1383,41.168955,-8.64934,318699
1384,41.16894,-8.64917,318699
1385,41.1709449,-8.6422783,318699
1386,41.1687316,-8.6468983,318699
1387,41.1709616,-8.6422766,318699
1388,41.1688966,-8.6493016,318699
1389,41.1704666,-8.6428966,318699
1390,41.16873,-8.6481033,318699
1391,41.1709799,-8.642285,318699
1392,41.17132,-8.64233,318699
1393,41.1704733,-8.6430049,318699
1394,41.16939,-8.6442649,318699
1395,41.1715116,-8.642315,318699
1396,41.1694066,-8.644235,318699
1397,41.1684099,-8.646035,318699
1398,41.169585,-8.6440616,318699
1399,41.1696166,-8.6440466,318699
1400,41.17165,-8.6422833,318699
1401,41.1689949,-8.6490933,318699
1402,41.1694433,-8.644195,318699
1403,41.168975,-8.6490983,318699
1404,41.1723433,-8.6416616,318699
1405,41.1704516,-8.6431633,318699
1406,41.1702166,-8.6437766,318699
1407,41.169035,-8.6492116,318699
1408,41.169035,-8.6492116,318699
1409,41.1685633,-8.645695,318699
1410,41.1704083,-8.643455,318699
1411,41.1690283,-8.649215,318699
1412,41.1686283,-8.6488016,318699
1413,41.1683233,-8.6464933,318699
1414,41.1716883,-8.6419699,318699
1415,41.1691166,-8.649295,318699
1416,41.1683316,-8.6462033,318699
1417,41.1688866,-8.649315,318699
1418,41.1693216,-8.6443666,318699
1419,41.1689199,-8.6491049,318699
1420,41.1717483,-8.6419533,318699
1421,41.168805,-8.6449383,318699
1422,41.1702483,-8.6437366,318699
1423,41.1686183,-8.6485233,318699
1424,41.1689416,-8.64911,318699
1425,41.1716783,-8.6420599,318699
1426,41.1686733,-8.6451516,318699
1427,41.170895,-8.642285,318699
1428,41.1689733,-8.6493383,318699
1429,41.1689233,-8.6492916,318699
1430,41.1713583,-8.642325,318699
1431,41.1709499,-8.6422766,318699
1432,41.1688033,-8.6479933,318699
1433,41.1683833,-8.6461133,318699
1434,41.1732183,-8.6421333,318699
1435,41.1690766,-8.64929,318699
1436,41.1693883,-8.6442566,318699
1437,41.1696516,-8.6440316,318699
1438,41.16899,-8.64911,318699
1439,41.1690533,-8.6492683,318699
1440,41.1693733,-8.6443,318699
1441,41.1728083,-8.6417133,318699
1442,41.16899,-8.64911,318699
1443,41.16899,-8.64911,318699
1444,41.1689783,-8.6490516,318699
1445,41.170655,-8.6423383,318699
1446,41.1723216,-8.6416999,318699
1447,41.1704583,-8.6432066,318699
1448,41.1690833,-8.649295,318699
1449,41.170645,-8.64235,318699
1450,41.169035,-8.6492116,318699
1451,41.1703366,-8.6436133,318699
1452,41.17245,-8.6415366,318699
1453,41.1685899,-8.64551,318699
1454,41.1687583,-8.6449966,318699
1455,41.1686966,-8.648985,318699
1456,41.1690216,-8.64921,318699
1457,41.1683416,-8.6463033,318699
1458,41.1683366,-8.6462799,318699
1459,41.1717033,-8.6419533,318699
1460,41.1703599,-8.643595,318699
1461,41.1692716,-8.6443783,318699
1462,41.1685599,-8.6453783,318699
1463,41.1689516,-8.6493583,318699
1464,41.1686583,-8.6482666,318699
1465,41.1689383,-8.6490983,318699
1466,41.1686583,-8.6482866,318699
1467,41.1689733,-8.6493383,318699
1468,41.1688933,-8.6477233,318699
1469,41.1689116,-8.6476516,318699
1470,41.171,-8.642265,318699
1471,41.1688066,-8.6480083,318699
1472,41.1688066,-8.6480316,318699
1473,41.17145,-8.6423233,318699
1474,41.1705583,-8.6426833,318699
1475,41.16839,-8.6459866,318699
1476,41.1715866,-8.6423383,318699
1477,41.1693566,-8.6443099,318699
1478,41.1689366,-8.64923,318699
1479,41.1715866,-8.6423383,318699
1480,41.1706316,-8.6423566,318699
1481,41.1724166,-8.64158,318699
1482,41.168375,-8.6461266,318699
1483,41.168825,-8.6474033,318699
1484,41.1723583,-8.6416383,318699
1485,41.1693216,-8.6443666,318699
1486,41.1702166,-8.6437766,318699
1487,41.170625,-8.6423783,318699
1488,41.1683666,-8.64614,318699
1489,41.1689533,-8.649235,318699
1490,41.1690201,-8.6492605,318699
1491,41.1686483,-8.6466133,318699
1492,41.1704833,-8.643385,318699
1493,41.16851,-8.64563,318699
1494,41.16867,-8.6489333,318699
1495,41.1704516,-8.643085,318699
1496,41.168625,-8.6487833,318699
1497,41.1693216,-8.6443666,318699
1498,41.1693216,-8.6443666,318699
1499,41.169125,-8.6492983,318699
1500,41.1686016,-8.6453449,318699
1501,41.1717283,-8.6419466,318699
1502,41.1689216,-8.6490966,318699
1503,41.1690483,-8.64927,318699
1504,41.1702616,-8.6437166,318699
1505,41.1702666,-8.643695,318699
1506,41.1703016,-8.6436583,318699
1507,41.1700716,-8.6437983,318699
1508,41.1689116,-8.6476516,318699
1509,41.168885,-8.6477533,318699
1510,41.1689166,-8.6492966,318699
1511,41.1689283,-8.6492849,318699
1512,41.1713883,-8.6423399,318699
1513,41.17274,-8.6413666,318699
1514,41.1716916,-8.6420933,318699
1515,41.1687333,-8.6469116,318699
1516,41.1704516,-8.6431916,318699
1517,41.1732616,-8.6421716,318699
1518,41.172815,-8.641645,318699
1519,41.1693716,-8.6443066,318699
1520,41.16875,-8.6470083,318699
1521,41.1693933,-8.6442483,318699
1522,41.1716416,-8.6422949,318699
1523,41.173855,-8.6426066,318699
1524,41.1716233,-8.64231,318699
1525,41.16951,-8.6441166,318699
1526,41.1696816,-8.6440133,318699
1527,41.17231,-8.641715,318699
1528,41.17398,-8.64265,318699
1529,41.169035,-8.6492116,318699
1530,41.1728833,-8.6419316,318699
1531,41.1685433,-8.6453533,318699
1532,41.1685633,-8.6466066,318699
1533,41.1703683,-8.6435633,318699
1534,41.1690133,-8.6492066,318699
1535,41.1686283,-8.6488183,318699
1536,41.17046,-8.643405,318699
1537,41.1688133,-8.6449233,318699
1538,41.1683183,-8.6464766,318699
1539,41.1716849,-8.64198,318699
1540,41.1683166,-8.6464616,318699
1541,41.1686,-8.645355,318699
1542,41.1685966,-8.6453383,318699
1543,41.1689533,-8.6493316,318699
1544,41.1690533,-8.6492683,318699
1545,41.170275,-8.6436866,318699
1546,41.17028,-8.64368,318699
1547,41.1724316,-8.6415716,318699
1548,41.171665,-8.642005,318699
1549,41.1689116,-8.6476516,318699
1550,41.1689116,-8.6476516,318699
1551,41.1709899,-8.64227,318699
1552,41.171015,-8.6422916,318699
1553,41.1705749,-8.6426333,318699
1554,41.1705383,-8.6427083,318699
1555,41.1728066,-8.6416116,318699
1556,41.17282,-8.6416833,318699
1557,41.16935,-8.6443099,318699
1558,41.1715866,-8.6423383,318699
1559,41.1689816,-8.6491049,318699
1560,41.1706649,-8.6423283,318699
1561,41.1689116,-8.6476383,318699
1562,41.169405,-8.6442983,318699
1563,41.1689,-8.6475483,318699
1564,41.1687383,-8.64696,318699
1565,41.1693216,-8.6443666,318699
1566,41.1688166,-8.647445,318699
1567,41.172405,-8.641595,318699
1568,41.1691783,-8.644255,318699
1569,41.1723766,-8.6416233,318699
1570,41.1685883,-8.6452283,318699
1571,41.1692666,-8.6442133,318699
1572,41.169,-8.6490966,318699
1573,41.1704733,-8.6434,318699
1574,41.16871,-8.6490083,318699
1575,41.1685916,-8.6453283,318699
1576,41.1683283,-8.6465066,318699
1577,41.168575,-8.6454349,318699
1578,41.1688033,-8.6449749,318699
1579,41.1685899,-8.6453833,318699
1580,41.1685966,-8.6453666,318699
1581,41.1685816,-8.6454016,318699
1582,41.168575,-8.6486316,318699
1583,41.1685299,-8.645335,318699
1584,41.1685766,-8.64865,318699
1585,41.1689499,-8.6493583,318699
1586,41.1689049,-8.6493333,318699
1587,41.1689416,-8.64911,318699
1588,41.1689416,-8.64911,318699
1589,41.1691266,-8.64929,318699
1590,41.17279,-8.641435,318699
1591,41.1714383,-8.642345,318699
1592,41.17274,-8.6413666,318699
1593,41.16935,-8.6443099,318699
1594,41.1705316,-8.6427233,318699
1595,41.1728016,-8.6415566,318699
1596,41.1684016,-8.6459666,318699
1597,41.1689783,-8.6491066,318699
1598,41.1736116,-8.6424283,318699
1599,41.16866,-8.64518,318699
1600,41.1687916,-8.6470349,318699
1601,41.16893,-8.647625,318699
1602,41.1741066,-8.64269,318699
1603,41.1689816,-8.6493299,318699
1604,41.1688833,-8.6475266,318699
1605,41.1688283,-8.6473833,318699
1606,41.171605,-8.6423233,318699
1607,41.1694183,-8.6442233,318699
1608,41.1693983,-8.6443183,318699
1609,41.1723299,-8.6416916,318699
1610,41.1717016,-8.6421416,318699
1611,41.1689499,-8.6493583,318699
1612,41.1702166,-8.6437766,318699
1613,41.1685616,-8.6452666,318699
1614,41.1693216,-8.6443666,318699
1615,41.170645,-8.6425133,318699
1616,41.1686233,-8.6487649,318699
1617,41.1686316,-8.648835,318699
1618,41.16858,-8.6454783,318699
1619,41.16878,-8.644995,318699
1620,41.1688266,-8.6448916,318699
1621,41.168575,-8.6454216,318699
1622,41.1685816,-8.64867,318699
1623,41.168585,-8.6486866,318699
1624,41.1704783,-8.6434083,318699
1625,41.1689499,-8.6493583,318699
1626,41.1703266,-8.6436366,318699
1627,41.17031,-8.6436516,318699
1628,41.1703183,-8.6436416,318699
1629,41.1702249,-8.6437766,318699
1630,41.1689733,-8.6493383,318699
1631,41.1689733,-8.6493383,318699
1632,41.17048,-8.6428683,318699
1633,41.16935,-8.6443099,318699
1634,41.1727866,-8.64146,318699
1635,41.1727966,-8.641515,318699
1636,41.1689116,-8.6476516,318699
1637,41.1689833,-8.6493316,318699
1638,41.16863,-8.6452016,318699
1639,41.1689049,-8.6490983,318699
1640,41.16935,-8.6443099,318699
1641,41.1689733,-8.6493383,318699
1642,41.1689033,-8.6491083,318699
1643,41.168895,-8.6475366,318699
1644,41.1697333,-8.6439283,318699
1645,41.1688483,-8.6474633,318699
1646,41.1688583,-8.6474766,318699
1647,41.1689266,-8.6476,318699
1648,41.1694383,-8.6441983,318699
1649,41.169295,-8.6442316,318699
1650,41.1689883,-8.6493133,318699
1651,41.1706516,-8.6424566,318699
1652,41.168585,-8.64568,318699
1653,41.1686316,-8.646615,318699
1654,41.1686116,-8.6466216,318699
1655,41.1701583,-8.6438533,318699
1656,41.1685633,-8.6453533,318699
1657,41.1686283,-8.6488699,318699
1658,41.1686066,-8.6487516,318699
1659,41.168795,-8.6449866,318699
1660,41.1685733,-8.6454533,318699
1661,41.1688233,-8.6449066,318699
1662,41.1685283,-8.64534,318699
1663,41.1686049,-8.648745,318699
1664,41.1685933,-8.6487033,318699
1665,41.1683216,-8.6464316,318699
1666,41.1688233,-8.6448766,318699
1667,41.17029,-8.6436683,318699
1668,41.1693216,-8.6443666,318699
1669,41.1693216,-8.6443666,318699
1670,41.1702166,-8.6437766,318699
1671,41.1727916,-8.6414216,318699
1672,41.170525,-8.642755,318699
1673,41.16935,-8.6443099,318699
1674,41.1689883,-8.6493133,318699
1675,41.168985,-8.6493383,318699
1676,41.168975,-8.6490983,318699
1677,41.1689183,-8.647635,318699
1678,41.1715866,-8.6423383,318699
1679,41.1702166,-8.6437766,318699
1680,41.1689033,-8.6475583,318699
1681,41.1684133,-8.6459549,318699
1682,41.1736866,-8.6424933,318699
1683,41.1687316,-8.6491766,318699
1684,41.1689733,-8.6491,318699
1685,41.1728366,-8.6418833,318699
1686,41.1687383,-8.64698,318699
1687,41.1687383,-8.6469416,318699
1688,41.1689033,-8.6490949,318699
1689,41.1694033,-8.6443083,318699
1690,41.17234,-8.6416766,318699
1691,41.1683583,-8.646555,318699
1692,41.1689499,-8.6493583,318699
1693,41.1685899,-8.6466333,318699
1694,41.1689766,-8.6446166,318699
1695,41.1723033,-8.6417283,318699
1696,41.169035,-8.6492116,318699
1697,41.1683533,-8.6461666,318699
1698,41.16863,-8.648855,318699
1699,41.16857,-8.6453583,318699
1700,41.1686083,-8.6453166,318699
1701,41.1683416,-8.6463916,318699
1702,41.1690316,-8.649265,318699
1703,41.1686016,-8.64534,318699
1704,41.1686016,-8.6453366,318699
1705,41.1685866,-8.6453433,318699
1706,41.1701616,-8.6438466,318699
1707,41.169305,-8.6443866,318699
1708,41.1693216,-8.6443666,318699
1709,41.1689049,-8.6493333,318699
1710,41.1702333,-8.6437766,318699
1711,41.16935,-8.6443099,318699
1712,41.1705416,-8.642705,318699
1713,41.1688783,-8.64777,318699
1714,41.1693216,-8.6443666,318699
1715,41.170685,-8.64231,318699
1716,41.1690333,-8.6492083,318699
1717,41.1705683,-8.6426566,318699
1718,41.1686183,-8.6452033,318699
1719,41.1705299,-8.64274,318699
1720,41.1731566,-8.6420716,318699
1721,41.1688233,-8.64724,318699
1722,41.1689883,-8.6493133,318699
1723,41.1704783,-8.6433233,318699
1724,41.1689049,-8.6491,318699
1725,41.1688749,-8.6474966,318699
1726,41.16888,-8.64751,318699
1727,41.168735,-8.646925,318699
1728,41.1690016,-8.6491083,318699
1729,41.1689783,-8.6490516,318699
1730,41.1690383,-8.6492683,318699
1731,41.16907,-8.64439,318699
1732,41.1683633,-8.6461516,318699
1733,41.1692433,-8.6441966,318699
1734,41.17017,-8.6438316,318699
1735,41.1689433,-8.644705,318699
1736,41.1690416,-8.6492633,318699
1737,41.1718799,-8.6418116,318699
1738,41.1718883,-8.64181,318699
1739,41.1685466,-8.6452933,318699
1740,41.1683516,-8.6463699,318699
1741,41.1719216,-8.6418133,318699
1742,41.1683283,-8.6464183,318699
1743,41.168615,-8.64533,318699
1744,41.1690316,-8.649265,318699
1745,41.1690566,-8.6492666,318699
1746,41.1686016,-8.6487233,318699
1747,41.1693083,-8.6443866,318699
1748,41.1692716,-8.6443783,318699
1749,41.1693116,-8.6443766,318699
1750,41.1693216,-8.6443666,318699
1751,41.16935,-8.6443099,318699
1752,41.1700566,-8.6437883,318699
1753,41.1728166,-8.6417266,318699
1754,41.1690016,-8.64912,318699
1755,41.168435,-8.6459283,318699
1756,41.1727666,-8.641795,318699
1757,41.1693216,-8.6443666,318699
1758,41.16935,-8.6443099,318699
1759,41.1687716,-8.6470183,318699
1760,41.16882,-8.647255,318699
1761,41.1704783,-8.6433233,318699
1762,41.1688216,-8.647365,318699
1763,41.1687133,-8.646635,318699
1764,41.168595,-8.6484,318699
1765,41.1689066,-8.6475666,318699
1766,41.1698733,-8.6438366,318699
1767,41.1694316,-8.6442033,318699
1768,41.1693883,-8.6442866,318699
1769,41.1689783,-8.6490516,318699
1770,41.1689049,-8.6493333,318699
1771,41.1692366,-8.64418,318699
1772,41.170025,-8.6437866,318699
1773,41.172905,-8.6419516,318699
1774,41.1689733,-8.6491716,318699
1775,41.1685983,-8.6456716,318699
1776,41.169115,-8.6443466,318699
1777,41.1690066,-8.6490933,318699
1778,41.1718416,-8.6418416,318699
1779,41.1719249,-8.6417966,318699
1780,41.1718583,-8.6418116,318699
1781,41.1721233,-8.64176,318699
1782,41.168535,-8.6453083,318699
1783,41.1718016,-8.641945,318699
1784,41.171825,-8.6418916,318699
1785,41.1683349,-8.64618,318699
1786,41.1685216,-8.6453216,318699
1787,41.1685916,-8.6485616,318699
1788,41.1701616,-8.6438466,318699
1789,41.1685766,-8.6486133,318699
1790,41.1689049,-8.6493333,318699
1791,41.17024,-8.6437583,318699
1792,41.1684016,-8.6460066,318699
1793,41.1684433,-8.6459066,318699
1794,41.16854,-8.6456933,318699
1795,41.1690033,-8.6491066,318699
1796,41.1685466,-8.6457,318699
1797,41.1690033,-8.6491116,318699
1798,41.1687849,-8.6470616,318699
1799,41.1689733,-8.6493383,318699
1800,41.1704783,-8.6433233,318699
1801,41.1704783,-8.6433233,318699
1802,41.1704783,-8.6433233,318699
1803,41.1686883,-8.6466166,318699
1804,41.168665,-8.6466133,318699
1805,41.1689783,-8.6490516,318699
1806,41.1698466,-8.6438499,318699
1807,41.16975,-8.6439116,318699
1808,41.1688183,-8.6473433,318699
1809,41.1688316,-8.6474283,318699
1810,41.1688149,-8.64729,318699
1811,41.16916,-8.6442366,318699
1812,41.169018,-8.6492754,318699
1813,41.1690733,-8.6492866,318699
1814,41.1690154,-8.649277,318699
1815,41.170025,-8.6437866,318699
1816,41.1728833,-8.6419316,318699
1817,41.1689966,-8.64458,318699
1818,41.1690399,-8.6492583,318699
1819,41.169035,-8.6492116,318699
1820,41.1719283,-8.64177,318699
1821,41.1719566,-8.64178,318699
1822,41.1721883,-8.6417416,318699
1823,41.1718383,-8.6418566,318699
1824,41.1717916,-8.64196,318699
1825,41.16899,-8.6490666,318699
1826,41.1690533,-8.64927,318699
1827,41.168585,-8.6485933,318699
1828,41.169005,-8.6490933,318699
1829,41.1685866,-8.6485766,318699
1830,41.1686,-8.6485466,318699
1831,41.1689283,-8.6491016,318699
1832,41.1689466,-8.6491883,318699
1833,41.1684399,-8.6459133,318699
1834,41.16854,-8.6456933,318699
1835,41.16854,-8.6456933,318699
1836,41.172775,-8.6418066,318699
1837,41.169,-8.6491316,318699
1838,41.1689116,-8.6476516,318699
1839,41.1689083,-8.6475766,318699
1840,41.1715866,-8.6423383,318699
1841,41.1687433,-8.64665,318699
1842,41.1689783,-8.6490516,318699
1843,41.1715866,-8.6423383,318699
1844,41.1715866,-8.6423383,318699
1845,41.1705883,-8.642615,318699
1846,41.1697183,-8.6439483,318699
1847,41.16989,-8.6438383,318699
1848,41.168915,-8.6447133,318699
1849,41.1694449,-8.6442,318699
1850,41.1689783,-8.6490516,318699
1851,41.1687583,-8.6466666,318699
1852,41.1689816,-8.6492766,318699
1853,41.1689933,-8.6492616,318699
1854,41.1683683,-8.6465716,318699
1855,41.16893,-8.6493299,318699
1856,41.1690212,-8.649282,318699
1857,41.16924,-8.644275,318699
1858,41.1690099,-8.644555,318699
1859,41.1690833,-8.644385,318699
1860,41.1706366,-8.6425233,318699
1861,41.1684883,-8.6457516,318699
1862,41.171945,-8.6417666,318699
1863,41.17211,-8.6417433,318699
1864,41.1701616,-8.6438466,318699
1865,41.1718049,-8.6419166,318699
1866,41.1685233,-8.6453216,318699
1867,41.1689933,-8.6490816,318699
1868,41.169005,-8.6490933,318699
1869,41.1689033,-8.6447366,318699
1870,41.1701616,-8.6438466,318699
1871,41.1692716,-8.6443783,318699
1872,41.1692716,-8.6443783,318699
1873,41.1684816,-8.6458199,318699
1874,41.17017,-8.6438616,318699
1875,41.16854,-8.6456933,318699
1876,41.1684933,-8.64574,318699
1877,41.1727883,-8.6418233,318699
1878,41.1730483,-8.6420216,318699
1879,41.1727833,-8.641815,318699
1880,41.1706366,-8.6425233,318699
1881,41.1685933,-8.6484616,318699
1882,41.1687266,-8.646645,318699
1883,41.1689499,-8.6493583,318699
1884,41.1685983,-8.6483833,318699
1885,41.1685933,-8.6484766,318699
1886,41.1689616,-8.64465,318699
1887,41.1684533,-8.6458833,318699
1888,41.1706366,-8.6425233,318699
1889,41.1719866,-8.6418016,318699
1890,41.16948,-8.6441683,318699
1891,41.169695,-8.644,318699
1892,41.1692233,-8.6443333,318699
1893,41.1692516,-8.64428,318699
1894,41.1690312,-8.6492764,318699
1895,41.1693216,-8.6443666,318699
1896,41.1731816,-8.6420883,318699
1897,41.1728833,-8.6419316,318699
1898,41.1689716,-8.6491733,318699
1899,41.1692716,-8.6443783,318699
1900,41.1728883,-8.6419383,318699
1901,41.1728249,-8.6418733,318699
1902,41.1684849,-8.6457633,318699
1903,41.1719933,-8.6416916,318699
1904,41.17218,-8.6417449,318699
1905,41.1701683,-8.6438566,318699
1906,41.17216,-8.6417616,318699
1907,41.1690316,-8.649265,318699
1908,41.1701616,-8.6438466,318699
1909,41.1722383,-8.64176,318699
1910,41.1685916,-8.6484333,318699
1911,41.1693216,-8.6443666,318699
1912,41.1698283,-8.6438533,318699
1913,41.1728133,-8.64186,318699
1914,41.1690533,-8.6444033,318699
1915,41.1706466,-8.6425083,318699
1916,41.1684849,-8.64581,318699
1917,41.1684983,-8.6457266,318699
1918,41.16899,-8.6491466,318699
1919,41.1727799,-8.6418183,318699
1920,41.16861,-8.6484983,318699
1921,41.16878,-8.647105,318699
1922,41.1687033,-8.6466266,318699
1923,41.1689499,-8.6493583,318699
1924,41.1697133,-8.64397,318699
1925,41.1689583,-8.6492,318699
1926,41.1706366,-8.6425233,318699
1927,41.1689499,-8.6493583,318699
1928,41.1689649,-8.6491633,318699
1929,41.169005,-8.6490933,318699
1930,41.1688183,-8.6473266,318699
1931,41.1694583,-8.6441866,318699
1932,41.1687366,-8.6491849,318699
1933,41.1690178,-8.649225,318699
1934,41.1689283,-8.6493299,318699
1935,41.1688383,-8.644855,318699
1936,41.1689649,-8.6491633,318699
1937,41.1716983,-8.6421766,318699
1938,41.16992,-8.6438366,318699
1939,41.16899,-8.64911,318699
1940,41.1689499,-8.6493583,318699
1941,41.1724816,-8.6415233,318699
1942,41.1684783,-8.6458466,318699
1943,41.1719716,-8.6417916,318699
1944,41.1720033,-8.64176,318699
1945,41.1721433,-8.6417616,318699
1946,41.1720866,-8.6417233,318699
1947,41.169005,-8.6490933,318699
1948,41.1706016,-8.642595,318699
1949,41.168595,-8.6484483,318699
1950,41.1689499,-8.6493583,318699
1951,41.1697616,-8.6439016,318699
1952,41.1687866,-8.6470799,318699
1953,41.1698033,-8.643865,318699
1954,41.17274,-8.6413666,318699
1955,41.1728583,-8.6419016,318699
1956,41.1704766,-8.6433199,318699
1957,41.1684766,-8.645785,318699
1958,41.1685533,-8.6457133,318699
1959,41.1689783,-8.6490516,318699
1960,41.1698683,-8.6438433,318699
1961,41.1693216,-8.6443666,318699
1962,41.1688783,-8.6447916,318699
1963,41.1689499,-8.6493583,318699
1964,41.170445,-8.6432616,318699
1965,41.1716983,-8.642215,318699
1966,41.1689499,-8.6493583,318699
1967,41.1704566,-8.643225,318699
1968,41.1684783,-8.6458466,318699
1969,41.1689783,-8.649175,318699
1970,41.169035,-8.6492116,318699
1971,41.1688166,-8.6472699,318699
1972,41.1689783,-8.6490516,318699
1973,41.1693316,-8.644255,318699
1974,41.1701616,-8.6438466,318699
1975,41.1687783,-8.6471266,318699
1976,41.16862,-8.6483399,318699
1977,41.1689499,-8.6493583,318699
1978,41.1716933,-8.6422166,318699
1979,41.169945,-8.6438233,318699
1980,41.1717016,-8.642215,318699
1981,41.1689533,-8.6491983,318699
1982,41.1689783,-8.6490516,318699
1983,41.17046,-8.6433116,318699
1984,41.1720016,-8.641805,318699
1985,41.1720383,-8.6416966,318699
1986,41.1720683,-8.6417066,318699
1987,41.168535,-8.6456083,318699
1988,41.17218,-8.6417449,318699
1989,41.1689499,-8.6493583,318699
1990,41.1685466,-8.6455866,318699
1991,41.1687916,-8.647195,318699
1992,41.1698033,-8.643865,318699
1993,41.17168,-8.642245,318699
1994,41.168975,-8.6490983,318699
1995,41.170025,-8.6437866,318699
1996,41.1726416,-8.6415383,318699
1997,41.1705183,-8.642775,318699
1998,41.1689783,-8.6490516,318699
1999,41.1715866,-8.6423383,318699
2000,41.1704783,-8.6433233,318699
2001,41.1704583,-8.64331,318699
2002,41.1688566,-8.6448283,318699
2003,41.1687816,-8.6471483,318699
2004,41.1722683,-8.6417583,318699
2005,41.17274,-8.6413666,318699
2006,41.1716983,-8.6422216,318699
2007,41.1689499,-8.6493583,318699
2008,41.1724516,-8.6415266,318699
2009,41.168975,-8.6491583,318699
2010,41.1689716,-8.6491849,318699
2011,41.1722033,-8.6417683,318699
2012,41.17201,-8.6418,318699
2013,41.1720149,-8.6416883,318699
2014,41.1728483,-8.6418916,318699
2015,41.1689499,-8.6493583,318699
